id,name,dbpedia_url
aaa,Ghotuo,http://dbpedia.org/resource/Ghotuo_language
aal,Afade,http://dbpedia.org/resource/Afade_language
aau,Abau,http://dbpedia.org/resource/Abau_language
abb,Bankon,
abe,"Abnaki, Western",http://dbpedia.org/resource/Western_Abnaki_language
abi,Abidji,
abk,Abkhaz,http://dbpedia.org/resource/Abkhaz_language
abq,Abaza,http://dbpedia.org/resource/Abaza_language
abt,Ambulas,
arb,"Arabic, Standard",http://dbpedia.org/resource/Classical_Arabic
aca,Achagua,http://dbpedia.org/resource/Achagua_language
acc,"Achi', Cubulco",
abj,Aka-Bea,http://dbpedia.org/resource/Aka-Bea_language
acv,Achumawi,http://dbpedia.org/resource/Achumawi_language
aci,Aka-Cari,http://dbpedia.org/resource/Aka-Cari_language
acm,"Arabic, Mesopotamian Spoken",http://dbpedia.org/resource/Iraqi_Arabic
acn,Achang,http://dbpedia.org/resource/Ngac%27ang_language
ach,Acholi,http://dbpedia.org/resource/Acholi_language
acr,"Achi', Rabinal",
acu,Achuar-Shiwiar,http://dbpedia.org/resource/Shiwiar
acw,"Arabic, Hijazi Spoken",http://dbpedia.org/resource/Hejazi_Arabic
acy,"Arabic, Cypriot Spoken",http://dbpedia.org/resource/Cypriot_Maronite_Arabic
adi,Adi,
adj,Adioukrou,
ads,Adamorobe Sign Language,http://dbpedia.org/resource/Adamorobe_Sign_Language
adt,Adnyamathanha,http://dbpedia.org/resource/Adnyamathanha_language
adx,"Tibetan, Amdo",http://dbpedia.org/resource/Amdo_Tibetan_language
ady,Adyghe,http://dbpedia.org/resource/Adyghe_language
aeb,"Arabic, Tunisian Spoken",http://dbpedia.org/resource/Tunisian_Arabic
aed,Argentine Sign Language,
aer,"Arrernte, Eastern",
aes,Alsea,
pqa,Pa'a,http://dbpedia.org/resource/Pa%27a_language
afb,"Arabic, Gulf Spoken",http://dbpedia.org/resource/Gulf_Arabic
abv,"Arabic, Baharna Spoken",http://dbpedia.org/resource/Bahrani_Arabic
afr,Afrikaans,http://dbpedia.org/resource/Afrikaans
afn,Defaka,http://dbpedia.org/resource/Defaka_language
aar,Afar,http://dbpedia.org/resource/Afar_language
afz,Obokuitai,
agd,Agarabi,
agg,Angor,
agh,Ngelima,
agm,Angaataha,
agq,Aghem,
agr,Aguaruna,http://dbpedia.org/resource/Aguaruna_language
agt,"Agta, Central Cagayan",
agu,Awakateko,http://dbpedia.org/resource/Awakatek_language
agx,Aghul,http://dbpedia.org/resource/Agul_language
ahh,Aghu,http://dbpedia.org/resource/Aghu_language
ahp,"Aizi, Aproumu",
aht,Ahtena,http://dbpedia.org/resource/Inupiaq_language
aia,Arosi,
aib,Ainu,http://dbpedia.org/resource/%C3%84ynu_language
aie,Amara,http://dbpedia.org/resource/Amara_language
aii,Assyrian Neo-Aramaic,http://dbpedia.org/resource/Assyrian_Neo-Aramaic
aij,Lishanid Noshan,http://dbpedia.org/resource/Lishanid_Noshan
ain,Ainu,http://dbpedia.org/resource/Ainu_language_%28Hokkaid%C5%8D%29
aiw,Aari,http://dbpedia.org/resource/Aari_language
aja,Aja,http://dbpedia.org/resource/Aja_language_%28Nilo-Saharan%29
aji,Ajië,http://dbpedia.org/resource/Aji%C3%AB_language
ajp,"Arabic, South Levantine Spoken",http://dbpedia.org/resource/Palestinian_Arabic
ahk,Akha,http://dbpedia.org/resource/Akha_language
akc,Mpur,
akl,Inakeanon,http://dbpedia.org/resource/Aklanon_languages
akr,Araki,http://dbpedia.org/resource/Araki_language
akv,Akhvakh,http://dbpedia.org/resource/Akhvakh_language
akx,Aka-Kede,http://dbpedia.org/resource/Aka-Kede_language
akz,Alabama,http://dbpedia.org/resource/Alabama_language
alc,Qawasqar,http://dbpedia.org/resource/Kaw%C3%A9sqar_language
ald,Alladian,
aqp,Atakapa,http://dbpedia.org/resource/Atakapa_language
alq,Algonquin,http://dbpedia.org/resource/Algonquin_language
alh,Alawa,
aln,"Albanian, Gheg",http://dbpedia.org/resource/Gheg_Albanian
alo,Larike-Wakasihu,
alp,Alune,
alr,Alutor,http://dbpedia.org/resource/Alyutor_language
als,"Albanian, Tosk",http://dbpedia.org/resource/Tosk_Albanian
alt,"Altai, Southern",http://dbpedia.org/resource/Southern_Altai_language
alu,'Are'are,http://dbpedia.org/resource/%27Are%27are_language
ami,Amis,http://dbpedia.org/resource/Amis_language
ale,Aleut,http://dbpedia.org/resource/Aleut_language
aly,Alyawarr,
amc,Amahuaca,http://dbpedia.org/resource/Amahuaca_language
ame,Yanesha’,http://dbpedia.org/resource/Yanesha%27_language
amf,Hamer-Banna,http://dbpedia.org/resource/Hamer-Banna_language
amh,Amharic,http://dbpedia.org/resource/Amharic
aey,Amele,
amk,Ambai,http://dbpedia.org/resource/Ambai_language
amn,Amanab,http://dbpedia.org/resource/Amanab_language
amo,Amo,
amp,Alamblak,http://dbpedia.org/resource/Alamblak_language
amr,Amarakaeri,http://dbpedia.org/resource/Amarakaeri
amu,"Amuzgo, Guerrero",
amy,Ami,
anc,Ngas,http://dbpedia.org/resource/Ngas_language
ane,Xârâcùù,
anh,Nend,
ani,Andi,
ank,Goemai,http://dbpedia.org/resource/Goemai_language
ann,Obolo,
ano,Andoque,http://dbpedia.org/resource/Andoque_language
anq,Jarawa,http://dbpedia.org/resource/Jarawa_language
anu,Anuak,http://dbpedia.org/resource/Anuak_language
any,Anyin,http://dbpedia.org/resource/Anyin_language
anz,Anem,http://dbpedia.org/resource/An%C3%AAm_language
aoa,Angolar,http://dbpedia.org/resource/Angolar_language
aoc,Pemon,
aoi,Anindilyakwa,http://dbpedia.org/resource/Enindhilyagwa_language
aom,Ömie,
aon,"Arapesh, Bumbita",
apy,Apalaí,http://dbpedia.org/resource/Apala%C3%AD_language
apb,Sa'a,http://dbpedia.org/resource/Sa%27a_language
apc,"Arabic, North Levantine Spoken",http://dbpedia.org/resource/Levantine_Arabic
ape,Bukiyip,
aph,Athpariya,http://dbpedia.org/resource/Athpare_language
apj,"Apache, Jicarilla",http://dbpedia.org/resource/Jicarilla_language
apm,"Apache, Mescalero-Chiricahua",http://dbpedia.org/resource/Mescalero_language
apn,Apinayé,
apq,A-Pucikwar,http://dbpedia.org/resource/A-Pucikwar_language
apr,Arop-Lokep,http://dbpedia.org/resource/Arop-Lokep_language
apt,Apatani,
apu,Apurinã,http://dbpedia.org/resource/Apurin%C3%A3_language
apw,"Apache, Western",http://dbpedia.org/resource/Western_Apache_language
apz,Safeyoka,
ake,Akawaio,http://dbpedia.org/resource/Akawaio_language
aqc,Archi,http://dbpedia.org/resource/Archi_language
ard,Arabana,http://dbpedia.org/resource/Arabana_language
are,"Arrarnta, Western",
arh,Arhuaco,http://dbpedia.org/resource/Arhuaco_language
ari,Arikara,
arl,Arabela,http://dbpedia.org/resource/Arabela_language
hye,Armenian,
aro,Araona,http://dbpedia.org/resource/Araona
arp,Arapaho,http://dbpedia.org/resource/Arapaho_language
arr,Karo,
rkb,Rikbaktsa,
arn,Mapudungun,http://dbpedia.org/resource/Mapudungun
arv,Arbore,http://dbpedia.org/resource/Arbore_language
arw,Arawak,
ary,"Arabic, Moroccan Spoken",http://dbpedia.org/resource/Moroccan_Arabic
arz,"Arabic, Egyptian Spoken",http://dbpedia.org/resource/Egyptian_Arabic
asa,Asu,
ase,American Sign Language,http://dbpedia.org/resource/American_Sign_Language
asf,Australian Sign Language,http://dbpedia.org/resource/Auslan
asm,Assamese,http://dbpedia.org/resource/Assamese_language
asu,"Asurini, Tocantins",http://dbpedia.org/resource/Akw%C3%A1wa
ace,Aceh,http://dbpedia.org/resource/Acehnese_language
atq,Aralle-Tabulahan,
atw,Atsugewi,
aty,Aneityum,http://dbpedia.org/resource/Aneityum_language
ast,Asturian,http://dbpedia.org/resource/Asturian_language
auc,Waorani,http://dbpedia.org/resource/Huaorani_language
aul,Aulua,http://dbpedia.org/resource/Aulua_language
aun,"One, Molmo",
auw,Awyi,
auy,Awiyaana,
avn,Avatime,http://dbpedia.org/resource/Avatime_language
ava,Avar,http://dbpedia.org/resource/Avar_language
avt,Au,http://dbpedia.org/resource/Au_language
avu,Avokaya,http://dbpedia.org/resource/Avokaya_language
awb,Awa,
awa,Awadhi,http://dbpedia.org/resource/Awadhi_language
awi,Aekyom,
awn,Awngi,http://dbpedia.org/resource/Awngi_language
axk,Yaka,
ayc,"Aymara, Southern",http://dbpedia.org/resource/Southern_Aymara
ayl,"Arabic, Libyan Spoken",http://dbpedia.org/resource/Libyan_Arabic
ayr,"Aymara, Central",http://dbpedia.org/resource/Central_Aymara
ayn,"Arabic, Sanaani Spoken",http://dbpedia.org/resource/Sanaani_Arabic
ayo,Ayoreo,http://dbpedia.org/resource/Ayoreo_language
ayz,Mai Brat,
azb,"Azerbaijani, South",http://dbpedia.org/resource/South_Azeri_language
azj,"Azerbaijani, North",http://dbpedia.org/resource/North_Azeri_language
adz,Adzera,
azz,"Nahuatl, Highland Puebla",http://dbpedia.org/resource/Highland_Puebla_Nahuatl
bas,Basaa,http://dbpedia.org/resource/Basaa_language
bae,Baré,
bag,Tuki,
bwi,Baniwa,
ybb,Yemba,
bao,Waimaha,
bar,Bavarian,http://dbpedia.org/resource/Austro-Bavarian_language
bav,Vengo,http://dbpedia.org/resource/Babungo_language
baw,Bambili-Bambui,
bax,Bamun,http://dbpedia.org/resource/Bamum_language
baz,Tunen,
bba,Baatonum,
bbc,Batak Toba,http://dbpedia.org/resource/Batak_Toba
bbd,Bau,
bbl,Bats,http://dbpedia.org/resource/Bats_language
bbn,Uneapa,http://dbpedia.org/resource/Uneapa_language
bbo,Konabéré,
baa,Babatana,
bci,Baoulé,http://dbpedia.org/resource/Baoul%C3%A9_language
bcj,Bardi,
bck,Bunaba,
bcm,Bannoni,
bco,Kaluli,
bcq,Bench,http://dbpedia.org/resource/Bench_language
bcs,Kohumono,
bcw,Bana,http://dbpedia.org/resource/Bana_language
pmf,Pamona,
bis,Bislama,http://dbpedia.org/resource/Bislama
bde,Bade,http://dbpedia.org/resource/Bade_language
kmr,"Kurdish, Northern",
bdh,Baka,
bdk,Budukh,
bdl,"Bajau, Indonesian",
bdm,Buduma,http://dbpedia.org/resource/Buduma_language
bdq,Bahnar,
bds,Burunge,http://dbpedia.org/resource/Burunge_language
bdu,Oroko,
bdy,Bandjalang,http://dbpedia.org/resource/Bandjalang_language
bee,Byangsi,
bef,Benabena,
bej,Bedawiyet,http://dbpedia.org/resource/Beja_language
beq,Beembe,
blc,Bella Coola,http://dbpedia.org/resource/Nux%C3%A1lk_language
bng,Benga,
bkl,Berik,
bev,"Bété, Daloa",
bew,Betawi,http://dbpedia.org/resource/Betawi_language
bex,Jur Modo,
bfa,Bari,http://dbpedia.org/resource/Bari_language
bfd,Bafut,
bfq,Badaga,http://dbpedia.org/resource/Badaga_language
bft,Balti,http://dbpedia.org/resource/Balti_dialect
bfu,Gahri,
bfw,Bondo,http://dbpedia.org/resource/Bonda_language
bgp,"Balochi, Eastern",
bgq,Bagri,http://dbpedia.org/resource/Bagri_language
bgr,"Chin, Bawm",
bgz,Banggai,
bhb,Bhili,http://dbpedia.org/resource/Bhili_language
bhg,Binandere,
bho,Bhojpuri,http://dbpedia.org/resource/Bhojpuri_language
bfi,British Sign Language,http://dbpedia.org/resource/British_Sign_Language
bhp,Bima,
bhq,Tukang Besi South,
bhw,Biak,http://dbpedia.org/resource/Biak_language
bia,Badimaya,http://dbpedia.org/resource/Badimaya_language
bib,Bissa,
bid,Bidiyo,http://dbpedia.org/resource/Bidiyo_language
bif,Biafada,
bzi,Bisu,
lwm,Laomian,
bim,Bimoba,
bip,Bila,
bps,"Blaan, Sarangani",
bjb,Banggarla,
bjh,Bahinemo,
bji,Burji,http://dbpedia.org/resource/Burji_language
bjr,Binumarien,
bjt,Balanta-Ganja,
bjy,Bayali,
bkc,Baka,
bkd,Binukid,
bkk,Brokskat,
bcl,"Bicolano, Central",
bkm,Kom,http://dbpedia.org/resource/Kom_language
bkq,Bakairí,
blb,Bilua,http://dbpedia.org/resource/Bilua_language
bla,Blackfoot,
ble,Balanta-Kentohe,
bul,Bulgarian,http://dbpedia.org/resource/Bulgarian_language
bli,Bolia,
bll,Biloxi,http://dbpedia.org/resource/Biloxi_language
hnj,Hmong Njua,
cqd,"Miao, Chuanqiandian Cluster",
blw,Balangao,
blz,Balantak,
bmi,Bagirmi,http://dbpedia.org/resource/Bagirmi_language
bmr,Muinane,http://dbpedia.org/resource/Muinane_language
mya,Burmese,http://dbpedia.org/resource/Burmese_language
bmu,Burum-Mindik,
bmy,Bemba,
bnc,"Bontoc, Central",http://dbpedia.org/resource/Bontoc_language
ben,Bengali,http://dbpedia.org/resource/Bengali_language
jaa,Jamamadí,
bni,Bangi,
bnq,Bantik,http://dbpedia.org/resource/Bantik_language
boa,Bora,http://dbpedia.org/resource/Bora_language
boi,Barbareño,http://dbpedia.org/resource/Barbare%C3%B1o_language
bol,Bole,http://dbpedia.org/resource/Bole_language
bom,Berom,http://dbpedia.org/resource/Berom
loy,Lowa,
bor,Borôro,
bot,Bongo,
boz,"Bozo, Tiéyaxo",
bpp,Kaure,
bug,Bugis,http://dbpedia.org/resource/Buginese_language
bpu,Bongu,
bqc,Boko,
bqp,Busa,
bqy,Benkala Sign Language,http://dbpedia.org/resource/Kata_Kolok
bam,Bamanankan,http://dbpedia.org/resource/Bambara_language
brb,Lave,
brc,Berbice Creole Dutch,http://dbpedia.org/resource/Berbice_Creole_Dutch
brf,Bera,
brg,Baure,http://dbpedia.org/resource/Baure_language
brh,Brahui,http://dbpedia.org/resource/Brahui_language
bri,Mokpwe,
brm,Barambu,
brn,Boruca,
bre,Breton,http://dbpedia.org/resource/Breton_language
bru,"Bru, Eastern",http://dbpedia.org/resource/Eastern_Bru_language
brv,"Bru, Western",
brx,Bodo,http://dbpedia.org/resource/Bodo_language
bsc,Oniyan,
bsh,Kati,http://dbpedia.org/resource/Kata-vari
bsk,Burushaski,http://dbpedia.org/resource/Burushaski
bsn,Barasana-Eduria,http://dbpedia.org/resource/Barasana_language
bsp,Baga Sitemu,
eus,Basque,http://dbpedia.org/resource/Basque_language
bsw,Baiso,http://dbpedia.org/resource/Baiso_language
bth,"Bidayuh, Biatah",
bya,Batak,
btx,Batak Karo,http://dbpedia.org/resource/Batak_Karo_language
btz,Batak Alas-Kluet,
bue,Beothuk,
buf,Bushoong,
buh,"Bunu, Younuo",
bxk,Lubukusu,http://dbpedia.org/resource/Bukusu_language
bum,Bulu,
buo,Terei,
bwr,Bura-Pabir,http://dbpedia.org/resource/Bura-Pabir_language
bvb,Bube,http://dbpedia.org/resource/Bube_language
bvq,Birri,
bvr,Burarra,
bvs,Identifier bvs has been changed,http://dbpedia.org/resource/Flemish_Sign_Language
bvx,Dibole,
bwe,"Karen, Bwe",
bwo,Borna,http://dbpedia.org/resource/Boro_language_%28Ethiopia%29
bwq,"Bobo Madaré, Southern",
bwu,Buli,
bak,Bashkort,http://dbpedia.org/resource/Bashkir_language
bxm,"Buriat, Mongolia",http://dbpedia.org/resource/Mongolia_Buriat_language
prx,Purik,
byn,Bilen,http://dbpedia.org/resource/Blin_language
byr,Baruya,
byw,Belhariya,http://dbpedia.org/resource/Belhare_language
byx,Qaqet,
ban,Bali,http://dbpedia.org/resource/Balinese_language
bzd,Bribri,
bzf,Boikin,
bzj,Belize Kriol English,http://dbpedia.org/resource/Belizean_Kriol_language
bzq,Buli,
bzr,Biri,
bzs,Brazilian Sign Language,http://dbpedia.org/resource/Brazilian_Sign_Language
caa,Ch'orti',http://dbpedia.org/resource/Ch%27orti%27_language
cab,Garifuna,http://dbpedia.org/resource/Garifuna_language
cac,"Chuj, San Sebastián Coatán",
cad,Caddo,http://dbpedia.org/resource/Caddo_language
cag,Nivaclé,http://dbpedia.org/resource/Nivacl%C3%A9_language
cal,Carolinian,http://dbpedia.org/resource/Carolinian_language
cam,Cemuhî,
can,Chambri,
cao,Chácobo,http://dbpedia.org/resource/Ch%C3%A1cobo_language
caq,"Nicobarese, Car",http://dbpedia.org/resource/Car_language
crx,Carrier,
cas,Tsimané,
cyb,Cayubaba,
cav,Cavineña,http://dbpedia.org/resource/Cavine%C3%B1a
cax,Chiquitano,
cay,Cayuga,http://dbpedia.org/resource/Cayuga_language
cbc,Carapana,
cbd,Carijona,
chb,Chibcha,http://dbpedia.org/resource/Chibcha_language
cbg,Chimila,
cbi,Chachi,
cbk,Chavacano,http://dbpedia.org/resource/Chavacano_language
cbn,Nyahkur,
cbr,Cashibo-Cacataibo,http://dbpedia.org/resource/Cashibo-Cacataibo
cbs,Kashinawa,http://dbpedia.org/resource/Cashinahua
cbt,Chayahuita,http://dbpedia.org/resource/Chayahuita
cbu,Candoshi-Shapra,http://dbpedia.org/resource/Candoshi-Shapra_language
cbv,Cacua,http://dbpedia.org/resource/Kakwa_language
cco,"Chinantec, Comaltepec",
cho,Choctaw,http://dbpedia.org/resource/Choctaw_language
zgb,"Zhuang, Guibei",
cdm,Chepang,http://dbpedia.org/resource/Chepang_language
cdn,Chaudangsi,
cdo,"Chinese, Min Dong",http://dbpedia.org/resource/Fuzhou_dialect
ceb,Cebuano,http://dbpedia.org/resource/Cebuano_language
chr,Cherokee,http://dbpedia.org/resource/Cherokee_language
nan,"Chinese, Min Nan",http://dbpedia.org/resource/Taiwanese_Hokkien
kac,Jingpho,http://dbpedia.org/resource/Jingpho_language
chc,Catawba,
chd,"Chontal, Highland Oaxaca",
chf,"Chontal, Tabasco",http://dbpedia.org/resource/Chontal_Maya_language
cgg,Chiga,http://dbpedia.org/resource/Rukiga_language
chh,Chinook,
chl,Cahuilla,
ctm,Chitimacha,
cmn,"Chinese, Mandarin",http://dbpedia.org/resource/Mandarin_Chinese
chq,"Chinantec, Quiotepec",
crw,Chrau,
cht,Cholón,
clw,Chulym,http://dbpedia.org/resource/Chulym_language
chx,Chantyal,http://dbpedia.org/resource/Chantyal_language
chy,Cheyenne,http://dbpedia.org/resource/Cheyenne_language
cic,Chickasaw,http://dbpedia.org/resource/Chickasaw_language
cid,Chimariko,
cir,Tiri,
ctg,Chittagonian,http://dbpedia.org/resource/Chittagonian_language
ciw,Chippewa,http://dbpedia.org/resource/Chippewa_language
cja,"Cham, Western",
che,Chechen,http://dbpedia.org/resource/Chechen_language
cha,Chamorro,http://dbpedia.org/resource/Chamorro_language
cje,Chru,
cjh,"Chehalis, Upper",
cji,Chamalal,
cjm,"Cham, Eastern",
cjo,Ashéninka Pajonal,http://dbpedia.org/resource/Pajonal_Ash%C3%A9ninka
cjp,Cabécar,
cjs,Shor,http://dbpedia.org/resource/Shor_language
chv,Chuvash,http://dbpedia.org/resource/Chuvash_language
cjv,Chuave,
ckf,"Kaqchikel, Southern",
cnk,"Chin, Khumi",
cko,Anufo,
cks,Tayo,http://dbpedia.org/resource/Tayo_language
ckt,Chukchi,http://dbpedia.org/resource/Chukchi_language
cku,Koasati,http://dbpedia.org/resource/Koasati_language
cla,Ron,http://dbpedia.org/resource/Ron_language
cld,Chaldean Neo-Aramaic,http://dbpedia.org/resource/Chaldean_Neo-Aramaic
cle,"Chinantec, Lealao",
clk,Idu-Mishmi,http://dbpedia.org/resource/Idu_Mishmi_Language
clm,Clallam,http://dbpedia.org/resource/Klallam_language
cat,Catalan-Valencian-Balear,http://dbpedia.org/resource/Catalan_language
clo,"Chontal, Lowland Oaxaca",
cmi,Emberá-Chamí,http://dbpedia.org/resource/Chami-Embera_language
cng,"Qiang, Northern",http://dbpedia.org/resource/Northern_Qiang_language
cnh,"Chin, Haka",http://dbpedia.org/resource/Hakha-Chin_language
cni,Asháninka,http://dbpedia.org/resource/Ash%C3%A1ninka_language
cnm,"Chuj, Ixtatán",
cnt,"Chinantec, Tepetotutla",
cob,Chicomuceltec,http://dbpedia.org/resource/Chicomuceltec
coc,Cocopa,http://dbpedia.org/resource/Cocopah_language
cod,Cocama-Cocamilla,http://dbpedia.org/resource/Cocama_language
coe,Koreguaje,
cof,Colorado,
col,Columbia-Wenatchi,
com,Comanche,http://dbpedia.org/resource/Comanche_language
con,Cofán,http://dbpedia.org/resource/Cof%C3%A1n_language
coo,Comox,http://dbpedia.org/resource/Comox_people
cop,Coptic,http://dbpedia.org/resource/Coptic_language
crn,"Cora, El Nayar",http://dbpedia.org/resource/Cora_language
csz,Coos,
cou,Wamey,
coz,Chocholtec,
cpa,"Chinantec, Palantla",
chp,Dene,http://dbpedia.org/resource/Dene_Suline_language
car,Carib,http://dbpedia.org/resource/Akawaio_language
crc,Lonwolwol,
crd,Coeur d'Alene,http://dbpedia.org/resource/Coeur_d%27Alene_language
crj,"Cree, Southern East",http://dbpedia.org/resource/Southern_East_Cree_language
crg,Michif,http://dbpedia.org/resource/Michif_language
crh,Crimean Tatar,http://dbpedia.org/resource/Crimean_Tatar_language
mus,Muskogee,http://dbpedia.org/resource/Creek_language
crl,"Cree, Northern East",http://dbpedia.org/resource/Northern_East_Cree_language
cor,Cornish,http://dbpedia.org/resource/Cornish_language
cro,Crow,http://dbpedia.org/resource/Crow_language
crk,"Cree, Plains",http://dbpedia.org/resource/Plains_Cree_language
crq,"Chorote, Iyo'wujwa",http://dbpedia.org/resource/Iyo%27wujwa_Chorote
crs,Seselwa Creole French,http://dbpedia.org/resource/Seychellois_Creole
crt,"Chorote, Iyojwa'ja",http://dbpedia.org/resource/Iyojwa%27ja_Chorote
csb,Kashubian,http://dbpedia.org/resource/Kashubian_language
csh,"Chin, Asho",
csi,"Miwok, Coast",
csl,Chinese Sign Language,
csm,"Miwok, Central Sierra",
cso,"Chinantec, Sochiapam",
css,"Ohlone, Southern",http://dbpedia.org/resource/Mutsun
cst,"Ohlone, Northern",http://dbpedia.org/resource/Chochenyo
csy,"Chin, Siyin",
cta,"Chatino, Tataltepec",
ctd,"Chin, Tedim",
cti,"Chol, Tila",
cto,Emberá-Catío,http://dbpedia.org/resource/Catio-Embera_language
ctp,"Chatino, Western Highland",
ctu,"Chol, Tumbalá",
cua,Cua,http://dbpedia.org/resource/Cua_language_%28Mon-Khmer%29
cub,Cubeo,
cui,Cuiba,http://dbpedia.org/resource/Cuiba_language
cul,Culina,http://dbpedia.org/resource/Culina_language
cup,Cupeño,http://dbpedia.org/resource/Cupe%C3%B1o_language
cuc,"Chinantec, Usila",
cut,"Cuicatec, Teutila",
cux,"Cuicatec, Tepeuxila",
cya,"Chatino, Nopala",
ces,Czech,http://dbpedia.org/resource/Czech_language
daa,Dangaléat,http://dbpedia.org/resource/Dangal%C3%A9at_language
daf,Dan,http://dbpedia.org/resource/Dan_language
dag,Dagbani,http://dbpedia.org/resource/Dagbani_language
dai,Day,http://dbpedia.org/resource/Day_language
daj,"Daju, Dar Fur",
dzg,Dazaga,http://dbpedia.org/resource/Dazaga_language
dal,Dahalo,http://dbpedia.org/resource/Dahalo_language
dny,Dení,
dap,Nisi,
dar,Dargwa,http://dbpedia.org/resource/Dargin_language
dau,"Daju, Dar Sila",
dav,Dawida,
dbj,Ida’an,http://dbpedia.org/resource/Ida%27an_language
dbl,Dyirbal,http://dbpedia.org/resource/Dyirbal_language
ddj,Jaru,
ddo,Dido,http://dbpedia.org/resource/Tsez_language
deg,Degema,
unm,Unami,http://dbpedia.org/resource/Unami_language
der,Deori,
des,Desano,
shg,Shua,
dhv,Dehu,http://dbpedia.org/resource/Drehu_language
dga,"Dagaare, Southern",
dgc,"Agta, Casiguran Dumagat",
dgz,Daga,
dak,Dakota,
dhi,Dhimal,
dhr,Dhargari,
dhu,Dhurga,
dic,"Dida, Lakota",
did,Didinga,
ega,Ega,http://dbpedia.org/resource/Ega_language
dif,Dieri,http://dbpedia.org/resource/Diyari_language
dih,Kumiai,http://dbpedia.org/resource/Kumeyaay_language
dim,Dime,http://dbpedia.org/resource/Dime_language
dip,"Dinka, Northeastern",
dis,Dimasa,http://dbpedia.org/resource/Dimasa_language
diz,Ding,
djd,Djamindjung,http://dbpedia.org/resource/Yirram_languages
dje,Zarma,http://dbpedia.org/resource/Zarma_language
dji,Djinang,
djj,Djeebbana,
djk,Aukan,http://dbpedia.org/resource/Ndyuka
djr,Djambarrpuyngu,
dju,Kapriman,
dlg,Dolgan,http://dbpedia.org/resource/Dolgan_language
dma,Duma,
dmk,Domaaki,http://dbpedia.org/resource/Domaaki_language
dni,"Dani, Lower Grand Valley",
dan,Danish,http://dbpedia.org/resource/Danish_language
doc,"Dong, Northern",
doo,Dongo,
dua,Duala,
dow,Doyayo,
drd,Darmiya,
drl,Darling,
dru,Rukai,http://dbpedia.org/resource/Rukai_language
dry,Darai,
dse,Dutch Sign Language,
dsh,Daasanach,http://dbpedia.org/resource/Daasanach_language
dta,Daur,http://dbpedia.org/resource/Daur_language
duc,Duna,
dud,Hun-Saare,
duf,Dumbea,http://dbpedia.org/resource/Ndrumbea_language
duj,Dhuwal,http://dbpedia.org/resource/Dhuwal_language
dur,Dii,
dus,Dumi,http://dbpedia.org/resource/Dumi_language
nld,Dutch,http://dbpedia.org/resource/Dutch_language
duu,Drung,http://dbpedia.org/resource/Derung_language
dyi,"Senoufo, Djimini",
dyo,Jola-Fonyi,http://dbpedia.org/resource/Jola-Fonyi_language
dyu,Jula,http://dbpedia.org/resource/Dioula_language
dyy,Dyaabugay,http://dbpedia.org/resource/Djabugay_language
bin,Edo,http://dbpedia.org/resource/Edo_language
efi,Efik,
eip,Eipomek,
ekg,Ekari,http://dbpedia.org/resource/Ekari_language
eko,Koti,http://dbpedia.org/resource/Ekoti_language
eky,"Kayah, Eastern",
tvl,Tuvaluan,http://dbpedia.org/resource/Tuvaluan_language
ema,Emai-Iuleha-Ora,
emb,Embaloh,
emi,Mussau-Emira,http://dbpedia.org/resource/Mussau-Emira_language
eml,Emiliano-Romagnolo,
emp,"Emberá, Northern",
ems,"Yupik, Pacific Gulf",http://dbpedia.org/resource/Alutiiq_language
eng,English,http://dbpedia.org/resource/Modern_English
enn,Engenni,
eno,Enggano,
enq,Enga,
erg,Sie,
ike,"Inuktitut, Eastern Canadian",
ikt,"Inuktitut, Western Canadian",http://dbpedia.org/resource/Inuvialuktun
ese,Ese Ejja,
kal,"Inuktitut, Greenlandic",http://dbpedia.org/resource/Greenlandic_language
esi,"Inupiatun, North Alaskan",
esq,Esselen,http://dbpedia.org/resource/Esselen_language
ess,"Yupik, Central Siberian",http://dbpedia.org/resource/Central_Siberian_Yupik_language
est,Estonian,http://dbpedia.org/resource/Estonian_language
esu,"Yupik, Central",http://dbpedia.org/resource/Central_Alaskan_Yup%27ik_language
etr,Edolo,
ets,Yekhee,
etu,Ejagham,
eve,Even,http://dbpedia.org/resource/Even_language
evn,Evenki,http://dbpedia.org/resource/Evenki_language
ewe,Éwé,http://dbpedia.org/resource/Ewe_language
ewo,Ewondo,
eya,Eyak,http://dbpedia.org/resource/Eyak_language
faa,Fasu,http://dbpedia.org/resource/Fasu_language
fao,Faroese,http://dbpedia.org/resource/Faroese_language
fap,Palor,
fcs,Quebec Sign Language,http://dbpedia.org/resource/Quebec_Sign_Language
fia,Nobiin,http://dbpedia.org/resource/Nobiin_language
fin,Finnish,http://dbpedia.org/resource/Finnish_language
fij,Fijian,http://dbpedia.org/resource/Fijian_language
fla,Kalispel-Pend D'oreille,http://dbpedia.org/resource/Kalispel-Pend_d%27Oreille
fmp,Fe'fe',http://dbpedia.org/resource/Fe%27fe%27_language
fon,Fon,http://dbpedia.org/resource/Fon_language
foi,Foi,
for,Fore,
fos,Siraya,http://dbpedia.org/resource/Siraya_language
frd,Fordata,
gcr,Guianese Creole French,http://dbpedia.org/resource/French_Guiana_Creole
fry,"Frisian, Western",http://dbpedia.org/resource/West_Frisian_language
fra,French,http://dbpedia.org/resource/Canadian_French
frr,"Frisian, Northern",http://dbpedia.org/resource/North_Frisian_language
frs,"Frisian, Eastern",http://dbpedia.org/resource/East_Frisian_Low_Saxon
zrs,Mairasi,
fse,Finnish Sign Language,http://dbpedia.org/resource/Finnish_Sign_Language
fsl,French Sign Language,http://dbpedia.org/resource/French_Sign_Language
fub,"Fulfulde, Adamawa",
fuc,Pulaar,
fud,"Futuna, East",http://dbpedia.org/resource/Futunan_language
fuf,Pular,
fuh,"Fulfulde, Western Niger",
ffm,"Fulfulde, Maasina",
fun,Iatê,
fvr,Fur,http://dbpedia.org/resource/Fur_language
fut,Futuna-Aniwa,
fuu,Furu,
fuv,"Fulfulde, Nigerian",
fwa,Fwâi,
gqa,Ga'anda,http://dbpedia.org/resource/Ga%27anda_language
gaa,Ga,http://dbpedia.org/resource/Ga_language
gae,Guarequena,
gag,Gagauz,http://dbpedia.org/resource/Gagauz_language
gah,Alekano,
gaj,Gadsup,
gax,"Oromo, Borana-Arsi-Guji",http://dbpedia.org/resource/Borana_language
gaz,"Oromo, West Central",
bza,Bandi,
gbc,Garawa,http://dbpedia.org/resource/Garawa_language
gbd,Karadjeri,http://dbpedia.org/resource/Garadjari_language
gbi,Galela,
gbj,"Gadaba, Bodo",http://dbpedia.org/resource/Gutob_language
gbp,Gbaya-Bossangoa,
gbr,Gbagyi,
gbu,Gagadu,http://dbpedia.org/resource/Gaagudju_language
gby,Gbari,
gcc,Mali,
gcd,Ganggalida,
gde,Gude,http://dbpedia.org/resource/Gude_language
gdf,Guduf-Gava,http://dbpedia.org/resource/Guduf-Gava_language
gdm,Laal,http://dbpedia.org/resource/Laal_%28language%29
gdo,Ghodoberi,http://dbpedia.org/resource/Godoberi_language
geb,Kire,
ged,Gade,
kat,Georgian,http://dbpedia.org/resource/Georgian_language
deu,"German, Standard",http://dbpedia.org/resource/Early_New_High_German
gey,Enya,
gfk,Patpatar,
gge,Guragone,
ggn,"Gurung, Eastern",
ggo,"Gondi, Southern",
ghl,Ghulfan,
ghs,Guhu-Samane,
gia,Kitja,http://dbpedia.org/resource/Kija_language
gid,Gidar,
gin,Hinukh,http://dbpedia.org/resource/Hinukh_language
gis,"Giziga, North",http://dbpedia.org/resource/North_Giziga_language
git,Gitxsan,http://dbpedia.org/resource/Gitxsan_language
giz,"Giziga, South",http://dbpedia.org/resource/South_Giziga_language
guj,Gujarati,http://dbpedia.org/resource/Gujarati_language
gju,Gujari,http://dbpedia.org/resource/Gojri
gkn,Gokana,http://dbpedia.org/resource/Gokana_language
dhg,Dhangu,
gil,Kiribati,http://dbpedia.org/resource/Gilbertese_language
gld,Nanai,http://dbpedia.org/resource/Nanai_language
gle,"Gaelic, Irish",http://dbpedia.org/resource/Irish_language
glj,Gula Iro,http://dbpedia.org/resource/Gula_Iro_language
glk,Gilaki,http://dbpedia.org/resource/Gilaki_language
glg,Galician,http://dbpedia.org/resource/Galician_language
gla,"Gaelic, Scottish",http://dbpedia.org/resource/Canadian_Gaelic
glu,Gula,
gmo,Gamo-Gofa-Dawro,
gni,Gooniyandi,http://dbpedia.org/resource/Gooniyandi_language
gnn,Gumatj,
gnr,Gureng Gureng,
goa,Guro,
gob,Playero,http://dbpedia.org/resource/Playero_language
god,Godié,
ggw,Gogodala,http://dbpedia.org/resource/Gogodala_language
gol,Gola,
gno,"Gondi, Northern",
cme,Cerma,
gow,Gorowa,http://dbpedia.org/resource/Gorowa_language
gpn,Taiap,http://dbpedia.org/resource/Taiap_language
ell,Greek,
gor,Gorontalo,http://dbpedia.org/resource/Gorontalo_language
grt,Garo,http://dbpedia.org/resource/Garo_language
gru,Kistane,http://dbpedia.org/resource/Soddo_language
gry,"Grebo, Barclayville",
gsg,German Sign Language,http://dbpedia.org/resource/German_Sign_Language
gss,Greek Sign Language,
gsw,"German, Swiss",http://dbpedia.org/resource/Alemannic_German
gta,Guató,
gub,Guajajára,
guc,Wayuu,http://dbpedia.org/resource/Wayuu_language
gue,Gurinji,
gug,"Guaraní, Paraguayan",http://dbpedia.org/resource/Paraguayan_Guaran%C3%AD
guh,Guahibo,http://dbpedia.org/resource/Guahibo_language
gui,"Guaraní, Eastern Bolivian",http://dbpedia.org/resource/Eastern_Bolivian_Guaran%C3%AD
guk,Gumuz,http://dbpedia.org/resource/Gumuz_language
gum,Guambiano,
guo,Guayabero,http://dbpedia.org/resource/Guayabero_language
gup,Gunwinggu,
guq,Aché,
gur,Farefare,
gux,Gourmanchéma,
sgw,Sebat Bet Gurage,http://dbpedia.org/resource/Chaha_language
guz,Ekegusii,http://dbpedia.org/resource/Gusii_language
gva,Guana,
gvc,Guanano,http://dbpedia.org/resource/Guanano_language
gvf,Golin,http://dbpedia.org/resource/Golin_language
gvn,Kuku-Yalanji,
gvo,Gavião do Jiparaná,
gvr,"Gurung, Western",
gvs,Gumawana,
gwc,Kalami,http://dbpedia.org/resource/Kalami_language
gwd,Gawwada,http://dbpedia.org/resource/Gawwada_language
gww,Kwini,
gxx,Wè Southern,
gya,"Gbaya, Northwest",
gyb,Garus,
gyd,Kayardild,http://dbpedia.org/resource/Kayardild_language
gym,Ngäbere,http://dbpedia.org/resource/Ng%C3%A4bere
gay,Gayo,http://dbpedia.org/resource/Gayo_language
gyy,Gunya,
hac,Gurani,http://dbpedia.org/resource/Gorani_language
had,Hatam,
hae,"Oromo, Eastern",
hdn,"Haida, Northern",
hak,"Chinese, Hakka",http://dbpedia.org/resource/Hakka_%28language%29
hal,Halang,http://dbpedia.org/resource/Halang_language
har,Harari,http://dbpedia.org/resource/Harari_language
has,Haisla,
hat,Haitian,http://dbpedia.org/resource/Haitian_Creole_language
hsf,"Huastec, Southeastern",
hwc,Hawai’i Creole English,http://dbpedia.org/resource/Hawaiian_Pidgin
hax,"Haida, Southern",
hay,Haya,http://dbpedia.org/resource/Haya_language
heb,Hebrew,http://dbpedia.org/resource/Hebrew_language
hch,Huichol,http://dbpedia.org/resource/Huichol_language
heh,Hehe,
hei,Heiltsuk,http://dbpedia.org/resource/Heiltsuk-Oowekyala
hem,Hemba,
her,Herero,http://dbpedia.org/resource/Herero_language
hia,Lamang,
hid,Hidatsa,http://dbpedia.org/resource/Hidatsa_language
hil,Hiligaynon,http://dbpedia.org/resource/Hiligaynon_language
hix,Hixkaryána,http://dbpedia.org/resource/Hixkaryana_language
hke,Hunde,http://dbpedia.org/resource/Hunde
hla,Halia,
hlb,Halbi,http://dbpedia.org/resource/Halbi_language
hmr,Hmar,http://dbpedia.org/resource/Hmar_language
hmt,Hamtai,
hin,Hindi,http://dbpedia.org/resource/Khariboli
hun,Hungarian,http://dbpedia.org/resource/Hungarian_language
hnh,||Ani,
hni,Hani,http://dbpedia.org/resource/Hani_language
hnn,Hanunoo,http://dbpedia.org/resource/Hanun%C3%B3%27o_language
hoa,Hoava,http://dbpedia.org/resource/Hoava_language
hoc,Ho,http://dbpedia.org/resource/Ho_language
hoo,Holoholo,
hop,Hopi,http://dbpedia.org/resource/Hopi_language
hre,Hre,
hss,Harsusi,http://dbpedia.org/resource/Harsusi_language
hto,"Huitoto, Minica",http://dbpedia.org/resource/Minica_Huitoto
hts,Hadza,http://dbpedia.org/resource/Hadza_language
hau,Hausa,http://dbpedia.org/resource/Hausa_language
hub,Huambisa,http://dbpedia.org/resource/Huambisa_language
hup,Hupa,http://dbpedia.org/resource/Hupa_language
huq,Tsat,http://dbpedia.org/resource/Tsat_language
hur,Halkomelem,http://dbpedia.org/resource/Halkomelem_language
huu,"Huitoto, Murui",http://dbpedia.org/resource/Murui_Huitoto
huv,"Huave, San Mateo del Mar",
hux,"Huitoto, Nüpode",http://dbpedia.org/resource/N%C3%BCpode_Huitoto
huz,Hunzib,http://dbpedia.org/resource/Hunzib_language
hvn,Sabu,
haw,Hawaiian,http://dbpedia.org/resource/Hawaiian_language
iai,Iaai,http://dbpedia.org/resource/Iaai_language
ian,Iatmul,
iba,Iban,http://dbpedia.org/resource/Iban_language
ibb,Ibibio,http://dbpedia.org/resource/Ibibio_language
ibd,Iwaidja,http://dbpedia.org/resource/Iwaidja_language
ibg,Ibanag,http://dbpedia.org/resource/Ibanag_language
isl,Icelandic,http://dbpedia.org/resource/Icelandic_language
icl,Icelandic Sign Language,http://dbpedia.org/resource/Icelandic_Sign_Language
idu,Idoma,
ifb,"Ifugao, Batad",http://dbpedia.org/resource/Ifugao_language
ifm,Teke-Fuumu,
igb,Ebira,
ige,Igede,
ign,Ignaciano,
ibo,Igbo,http://dbpedia.org/resource/Igbo_language
ihp,Iha,
ijc,Izon,
ikx,Ik,
ilb,Ila,
ilo,Ilocano,http://dbpedia.org/resource/Ilokano_language
imi,Anamgura,
imn,Imonda,
inb,Inga,http://dbpedia.org/resource/Inga_Kichwa
inz,Ineseño,
ing,Degexit’an,http://dbpedia.org/resource/Deg_Xinag
inh,Ingush,http://dbpedia.org/resource/Ingush_language
ins,Indian Sign Language,http://dbpedia.org/resource/Indo-Pakistani_Sign_Language
ind,Indonesian,http://dbpedia.org/resource/Indonesian_language
iow,Iowa-Oto,http://dbpedia.org/resource/Chiwere_language
iqu,Iquito,http://dbpedia.org/resource/Iquito
irn,Irántxe,http://dbpedia.org/resource/Irantxe_language
irh,Irarutu,
irk,Iraqw,http://dbpedia.org/resource/Iraqw_language
isd,Isnag,http://dbpedia.org/resource/Isnag_language
ise,Italian Sign Language,
isg,Irish Sign Language,http://dbpedia.org/resource/Irish_Sign_Language
isi,Nkem-Nkum,
isr,Israeli Sign Language,http://dbpedia.org/resource/Israeli_Sign_Language
iso,Isoko,http://dbpedia.org/resource/Isoko_language
itl,Itelmen,http://dbpedia.org/resource/Itelmen_language
ita,Italian,http://dbpedia.org/resource/Central_Italian
ito,Itonama,
its,Isekiri,
itv,Itawit,
itz,Itza’,http://dbpedia.org/resource/Itza%27_language
ium,Iu Mien,http://dbpedia.org/resource/Iu_Mien_language
ivv,Ivatan,http://dbpedia.org/resource/Ivatan_language
iwm,Iwam,http://dbpedia.org/resource/Iwam_language
ixc,Ixcatec,
ixi,"Ixil, Nebaj",
ixl,"Ixil, San Juan Cotzal",
izh,Ingrian,http://dbpedia.org/resource/Ingrian_language
izi,Izi-Ezaa-Ikwo-Mgbo,
jac,"Jakalteko, Eastern",
jae,Yabem,http://dbpedia.org/resource/Yabem_language
jai,"Jakalteko, Western",
jam,Jamaican Creole English,http://dbpedia.org/resource/Jamaican_Patois
jav,Javanese,http://dbpedia.org/resource/Javanese_language
jao,Yanyuwa,http://dbpedia.org/resource/Yanyuwa_language
jaq,Yaqay,
jar,Jarawa,
jbj,Arandai,
jbt,Jabutí,http://dbpedia.org/resource/Djeoromitxi_language
jbu,Jukun Takum,
jeb,Jebero,
jeh,Jeh,http://dbpedia.org/resource/Jeh_language
jei,Yei,
jel,Yelmek,
jet,Manem,
jhi,Jehai,
jic,Tol,
jig,Djingili,
jiu,"Jinuo, Youle",
jiv,Shuar,
jiy,"Jinuo, Buyuan",
jmd,Yamdena,
jna,Jangshung,
jnj,Yemsa,
jpn,Japanese,http://dbpedia.org/resource/Japanese_language
jqr,Jaqaru,
jru,Japreria,
jsl,Japanese Sign Language,http://dbpedia.org/resource/Japanese_Sign_Language
juc,Jurchen,http://dbpedia.org/resource/Jurchen_language
jun,Juang,http://dbpedia.org/resource/Juang_language
jup,Hupdë,http://dbpedia.org/resource/Hup_language
jur,Jurúna,
jya,Jiarong,
kbd,Kabardian,http://dbpedia.org/resource/Kabardian_language
kaa,Karakalpak,http://dbpedia.org/resource/Karakalpak_language
kah,Kara,http://dbpedia.org/resource/Fer_language
kyl,Kalapuya,http://dbpedia.org/resource/Kalapuyan_languages
kao,Xaasongaxango,http://dbpedia.org/resource/Xaasongaxango_language
kap,Bezhta,http://dbpedia.org/resource/Bezhta_language
kaq,Capanahua,http://dbpedia.org/resource/Capanahua
xsm,Kasem,
xtc,Katcha-Kadugli-Miri,
xaw,Kawaiisu,http://dbpedia.org/resource/Kawaiisu_language
kay,Kamayurá,http://dbpedia.org/resource/Kamayur%C3%A1_language
kaz,Kazakh,http://dbpedia.org/resource/Kazakh_language
kbc,Kadiwéu,
kbh,Camsá,
kbk,"Koiari, Grass",
kbl,Kanembu,http://dbpedia.org/resource/Kanembu_language
kbp,Kabiyé,http://dbpedia.org/resource/Kabiy%C3%A9_language
kbq,Kamano,
kbr,Kafa,http://dbpedia.org/resource/Kafa_language
kbv,Dera,
kbx,Ap Ma,
kca,Khanty,http://dbpedia.org/resource/Khanty_language
kcd,"Kanum, Ngkâlmpw",
kcg,Tyap,
kck,Kalanga,http://dbpedia.org/resource/Kalanga_language
kcl,Kela,http://dbpedia.org/resource/Kela_language
kcn,Nubi,http://dbpedia.org/resource/Nubi_language
kcr,Katla,
kct,Kayan,
kcu,Kami,
kcv,Kete,
kdd,Yankunytjatjara,http://dbpedia.org/resource/Yankunytjatjara_language
kde,Makonde,
kdh,Tem,
kdj,Karamojong,
kdm,Kagoma,
kir,Kyrgyz,http://dbpedia.org/resource/Kyrgyz_language
kdr,Karaim,http://dbpedia.org/resource/Karaim_language
kee,"Keres, Eastern",
kei,Kei,
kek,Q'eqchi',http://dbpedia.org/resource/Q%27eqchi%27_language
ken,Kenyang,
ker,Kera,http://dbpedia.org/resource/Kera_language
ket,Ket,http://dbpedia.org/resource/Ket_language
kew,"Kewa, West",
kex,Kukna,
kfa,Kodava,http://dbpedia.org/resource/Kodava_Takk
kfb,"Kolami, Northwestern",http://dbpedia.org/resource/Kolami_language
kfc,Konda-Dora,
kfe,Kota,
kff,Koya,http://dbpedia.org/resource/Koya_language
kfk,Kinnauri,
kfq,Korku,
kfy,Kumaoni,http://dbpedia.org/resource/Kumaoni
kfz,Koromfé,http://dbpedia.org/resource/Koromfe
kgg,Kusunda,http://dbpedia.org/resource/Kusunda_language
kgj,"Kham, Gamale",
kgk,Kaiwá,http://dbpedia.org/resource/Kaiw%C3%A1
kgo,Krongo,
kgp,Kaingang,http://dbpedia.org/resource/Kaingang_language
kgq,Kamoro,
kgr,Abun,
kgs,Kumbainggar,http://dbpedia.org/resource/Gumbaynggiric_languages
xal,Kalmyk-Oirat,http://dbpedia.org/resource/Kalmyk_language
knk,Kuranko,
khb,Lü,http://dbpedia.org/resource/Tai_L%C3%BC_language
khc,Tukang Besi North,
khd,"Kanum, Bädi",
khe,Korowai,
kha,Khasi,http://dbpedia.org/resource/Khasi_language
khk,"Mongolian, Halh",
khl,Lusi,
xuo,Kuo,
khq,"Songhay, Koyra Chiini",http://dbpedia.org/resource/Koyra_Chiini
khr,Kharia,http://dbpedia.org/resource/Kharia_language
khv,Khvarshi,http://dbpedia.org/resource/Khwarshi_language
khw,Khowar,http://dbpedia.org/resource/Khowar_language
kia,Kim,
kic,Kickapoo,
kig,Kimaghima,
kii,Kitsai,
kij,Kilivila,
kam,Kamba,http://dbpedia.org/resource/Kamba_language
kim,Karagas,http://dbpedia.org/resource/Tofa_language
xte,Ketengban,
kio,Kiowa,http://dbpedia.org/resource/Kiowa_language
hbb,Huba,
kik,Gikuyu,http://dbpedia.org/resource/Gikuyu_language
kiw,"Kiwai, Northeast",
kiy,Kirikiri,
kjb,"Q'anjob'al, Eastern",http://dbpedia.org/resource/Q%27anjob%27al_language
kjc,"Konjo, Coastal",
kjd,"Kiwai, Southern",
kje,Kisar,
kjg,Khmu,
kjh,Khakas,http://dbpedia.org/resource/Khakas_language
kjj,Khinalugh,http://dbpedia.org/resource/Khinalug_language
kjn,Kunjen,http://dbpedia.org/resource/Kunjen_language
kjp,"Karen, Pwo Eastern",
kjq,"Keres, Western",
kjs,"Kewa, East",
kju,Kashaya,http://dbpedia.org/resource/Kashaya_language
kan,Kannada,http://dbpedia.org/resource/Kannada_language
kki,Kagulu,
kkk,Kokota,
kkl,"Yale, Kosarek",
kor,Korean,http://dbpedia.org/resource/Korean_language
kkw,Teke-Kukuya,
kky,Guguyimidjir,http://dbpedia.org/resource/Guugu_Yimithirr_language
kla,Klamath-Modoc,http://dbpedia.org/resource/Klamath-Modoc_language
klb,Kiliwa,
kld,Gamilaraay,http://dbpedia.org/resource/Gamilaraay_language
kle,Kulung,http://dbpedia.org/resource/Kulung
klj,"Khalaj, Turkic",http://dbpedia.org/resource/Khalaj_language
kln,Kalenjin,http://dbpedia.org/resource/Kalenjin_language
klq,Rumu,
klr,Khaling,http://dbpedia.org/resource/Khaling_language
kls,Kalasha,http://dbpedia.org/resource/Kalash_language
klu,Klao,
kma,Konni,
kmc,"Dong, Southern",
kmg,Kâte,http://dbpedia.org/resource/K%C3%A2te_language
kmh,Kalam,
kmj,Kumarbhag Paharia,http://dbpedia.org/resource/Kumarbhag_Paharia_language
kmn,Awtuw,
kmo,Kwoma,
khm,"Khmer, Central",http://dbpedia.org/resource/Khmer_language
kmt,Kemtuik,
kmz,Khorasani Turkish,http://dbpedia.org/resource/Khorasani_Turkic_language
kna,Dera,
kzh,Kenuzi-Dongola,
kne,Kankanaey,http://dbpedia.org/resource/Kankana-ey_language
knj,Akateko,http://dbpedia.org/resource/Akatek_language
knn,Konkani,
knm,Kanamarí,http://dbpedia.org/resource/Kanamar%C3%AD_language
knw,Kung-Ekoka,
kny,Kanyok,
koe,Kacipo-Balesi,http://dbpedia.org/resource/Kacipo-Balesi_language
kog,Kogi,
koi,Komi-Permyak,http://dbpedia.org/resource/Komi-Yodzyak_language
xom,Komo,http://dbpedia.org/resource/Komo_language
kng,Koongo,
ksh,Kölsch,http://dbpedia.org/resource/K%C3%B6lsch_dialect
xon,Konkomba,
kot,Lagwan,http://dbpedia.org/resource/Lagwan_language
koy,Koyukon,http://dbpedia.org/resource/Koyukon_language
kpc,Curripaco,
xpe,"Kpelle, Liberia",
kpg,Kapingamarangi,
knc,"Kanuri, Central",
kpj,Karajá,http://dbpedia.org/resource/Karaj%C3%A1_language
kpk,Kpan,
kpm,Koho,
kpo,Ikposo,
kpr,Korafe-Yegha,
kps,Tehit,
kpt,Karata,
kpv,Komi-Zyrian,
kpw,Kobon,http://dbpedia.org/resource/Kobon_language
kpx,"Koiali, Mountain",
kpy,Koryak,http://dbpedia.org/resource/Koryak_language
kpz,Kupsabiny,
kqi,Koitabu,
kqs,"Kissi, Northern",
kqy,Koorete,
kqz,Korana,
krc,Balkar,http://dbpedia.org/resource/Karachay-Balkar_language
krk,Kerek,http://dbpedia.org/resource/Kerek_language
krl,Karelian,http://dbpedia.org/resource/Karelian_language
ksi,Isaka,http://dbpedia.org/resource/I%27saka_language
krs,Gbaya,
kry,Kryts,
ksb,Shambala,http://dbpedia.org/resource/Shambala_language
ksd,Kuanua,http://dbpedia.org/resource/Kuanua_language
ksf,Bafia,
kas,Kashmiri,http://dbpedia.org/resource/Kashmiri_language
kos,Kosraean,http://dbpedia.org/resource/Kosraean_language
kum,Kumyk,http://dbpedia.org/resource/Kumyk_language
ksq,Kwaami,
kss,"Kisi, Southern",
kst,Winyé,
ksw,"Karen, S'gaw",
ksx,Kedang,
ktd,Kokata,
ktg,Kalkutung,http://dbpedia.org/resource/Kalkatungu_language
ktn,Karitiâna,http://dbpedia.org/resource/Kariti%C3%A2na_language
kto,Kuot,http://dbpedia.org/resource/Kuot_language
ktu,Kituba,
ktv,"Katu, Eastern",
ktw,Kato,http://dbpedia.org/resource/Kato_language
ktz,Ju|'hoan,http://dbpedia.org/resource/Ju%C7%80%CA%BChoan_language
kvn,"Kuna, Border",
gwi,Gwich'in,http://dbpedia.org/resource/Gwich%E2%80%99in_language
kue,Kuman,http://dbpedia.org/resource/Kuman_language_%28New_Guinea%29
kuf,"Katu, Western",
kun,Kunama,http://dbpedia.org/resource/Kunama_language
kut,Kutenai,
kup,Kunimaipa,
kuq,Karipuna,http://dbpedia.org/resource/Karipun%C3%A1_language
kuu,"Kuskokwim, Upper",http://dbpedia.org/resource/Upper_Kuskokwim_language
kuz,Kunza,http://dbpedia.org/resource/Kunza_language
kva,Bagvalal,
kvc,Kove,
kvd,Kui,
kvg,Kuni-Boazi,
kvk,Korean Sign Language,
kru,Kurux,http://dbpedia.org/resource/Kurukh_language
kvo,Dobel,
kvv,Kola,
kvw,Wersing,
kwa,Dâw,
kwd,Kwaio,
kwe,Kwerba,
kwi,Awa-Cuaiquer,http://dbpedia.org/resource/Awa-Cuaiquer_language
kwk,Kwakiutl,http://dbpedia.org/resource/Kwak%27wala
kwn,Kwangali,
kxa,Kairiru,http://dbpedia.org/resource/Kairiru_language
kxu,Kui,http://dbpedia.org/resource/Kui_language_%28Dravidian%29
kxv,Kuvi,
kyc,Kyaka,
kyh,Karok,http://dbpedia.org/resource/Karuk_language
kyj,Karao,
kab,Kabyle,http://dbpedia.org/resource/Kabyle_language
kyq,Kenga,
kys,"Kayan, Baram",
kyx,Rapoisi,
kza,"Karaboro, Western",
kzf,"Kaili, Da'a",
kzi,Kelabit,http://dbpedia.org/resource/Kelabit_language
kzj,"Kadazan, Coastal",http://dbpedia.org/resource/Coastal_Kadazan_language
kzw,Karirí-Xocó,http://dbpedia.org/resource/Kariri_languages
lam,Lamba,
lac,Lacandon,http://dbpedia.org/resource/Lacandon_language
lae,Pattani,
laf,Lafofa,
lag,Langi,
lhu,Lahu,http://dbpedia.org/resource/Lahu_language
laj,Lango,http://dbpedia.org/resource/Lango_language_%28Uganda%29
lug,Ganda,http://dbpedia.org/resource/Luganda_language
lav,Latvian,http://dbpedia.org/resource/Latvian_language
law,Lauje,
laz,Aribwatsa,
lbc,Lakkia,
lbe,Lak,http://dbpedia.org/resource/Lak_language
lbf,Tinani,
lbj,Ladakhi,http://dbpedia.org/resource/Ladakhi_language
lbo,Laven,
lbt,Lachi,
lby,Lamu-Lamu,
lbz,Lardil,http://dbpedia.org/resource/Lardil_language
lch,Lucazi,
lcm,Tungag,
lea,Lega-Shabunda,
led,Lendu,
lee,Lyélé,
lef,Lelemi,
leg,Lengua,
lep,Lepcha,http://dbpedia.org/resource/Lepcha_language
les,Lese,
leu,Kara,http://dbpedia.org/resource/Kara_language_%28Papua_New_Guinea%29
lew,"Kaili, Ledo",
lex,Luang,
lez,Lezgi,http://dbpedia.org/resource/Lezgian_language
lgm,Lega-Mwenga,
lgu,Longgu,
lha,Laha,
lhm,Lhomi,
lif,Limbu,http://dbpedia.org/resource/Limbu_language
lij,Ligurian,http://dbpedia.org/resource/Ligurian_language_%28Romance%29
lil,Lillooet,http://dbpedia.org/resource/St%27at%27imcets_language
lin,Lingala,http://dbpedia.org/resource/Lingala_language
lis,Lisu,http://dbpedia.org/resource/Lisu_language
lit,Lithuanian,http://dbpedia.org/resource/Lithuanian_language
liv,Liv,http://dbpedia.org/resource/Livonian_language
liy,Banda-Bambari,
ljp,Lampung Api,http://dbpedia.org/resource/Lampung_language
lkr,Päri,
lkt,Lakota,http://dbpedia.org/resource/Lakota_language
lld,Ladin,http://dbpedia.org/resource/Ladin
lln,Lele,
llp,"Efate, North",http://dbpedia.org/resource/North_Efate_language
llu,Lau,http://dbpedia.org/resource/Lau_language_%28Malaita%29
lmc,Limilngan,
lme,Pévé,
lml,Hano,http://dbpedia.org/resource/Raga_language
lmn,Lambadi,http://dbpedia.org/resource/Lambadi_language
lmw,"Miwok, Lake",
lnb,Mbalanhu,
oci,Occitan,http://dbpedia.org/resource/Auvergnat_%28dialect%29
lnd,Lun Bawang,http://dbpedia.org/resource/Lun_Bawang_language
lob,Lobi,
log,Logo,http://dbpedia.org/resource/Logo_language
loj,Lou,
lok,Loko,
lom,Loma,
los,Loniu,
loz,Lozi,http://dbpedia.org/resource/Lozi_language
sma,"Saami, South",http://dbpedia.org/resource/Southern_Sami
sjd,"Saami, Kildin",http://dbpedia.org/resource/Kildin_Sami
sme,"Saami, North",http://dbpedia.org/resource/Northern_Sami
lrg,Laragia,http://dbpedia.org/resource/Laragiya_language
lus,Mizo,http://dbpedia.org/resource/Mizo_language
lti,Leti,http://dbpedia.org/resource/Leti_language
lua,Luba-Kasai,http://dbpedia.org/resource/Tshiluba_language
lue,Luvale,
lgg,Lugbara,http://dbpedia.org/resource/Lugbara_language
lub,Luba-Katanga,http://dbpedia.org/resource/Luba-Katanga_language
lui,Luiseño,http://dbpedia.org/resource/Luise%C3%B1o_language
ojv,Ontong Java,
luo,Dholuo,http://dbpedia.org/resource/Dholuo_language
lut,Lushootseed,
ltz,Luxembourgeois,http://dbpedia.org/resource/Luxembourgish_language
luy,Oluluyia,http://dbpedia.org/resource/Luhya_languages
lvk,Lavukaleve,http://dbpedia.org/resource/Lavukaleve_language
lun,Lunda,http://dbpedia.org/resource/Lunda_language
lwo,Luwo,http://dbpedia.org/resource/Luwo_language
lww,Lewo,
lzz,Laz,http://dbpedia.org/resource/Laz_language
pqm,Malecite-Passamaquoddy,http://dbpedia.org/resource/Malecite-Passamaquoddy_language
mjd,"Maidu, Northwest",http://dbpedia.org/resource/Konkow_language
mhr,"Mari, Meadow",
knf,Mankanya,http://dbpedia.org/resource/Mankanya_language
maq,"Mazatec, Chiquihuitlán",
mrt,Marghi Central,
jle,Ngile,
mau,"Mazatec, Huautla",
maw,Mampruli,
mfy,Mayo,http://dbpedia.org/resource/Mayo_language
maz,"Mazahua, Central",
mbb,"Manobo, Western Bukidnon",
mbc,Macushi,http://dbpedia.org/resource/Macushi_language
mbe,Molale,
mri,Maori,http://dbpedia.org/resource/M%C4%81ori_language
mbj,Nadëb,
mbl,Maxakalí,http://dbpedia.org/resource/Maxakal%C3%AD
mbn,Macaguán,http://dbpedia.org/resource/Macagu%C3%A1n_language
mbp,Malayo,
mbq,Maisin,http://dbpedia.org/resource/Maisin_language
mbr,Nukak Makú,http://dbpedia.org/resource/Nukak_language
mbt,"Manobo, Matigsalug",
mbw,Maring,
mca,Maka,http://dbpedia.org/resource/Mak%C3%A1_language
mcb,Machiguenga,
mcd,Sharanahua,
mcf,Matsés,http://dbpedia.org/resource/Mats%C3%A9s_language
mcg,Mapoyo,http://dbpedia.org/resource/Mapoyo_language
mch,Maquiritari,
mcm,Malaccan Creole Portuguese,http://dbpedia.org/resource/Kristang_language
mcn,Masana,http://dbpedia.org/resource/Massa_language
mco,"Mixe, Coatlán",http://dbpedia.org/resource/Coatl%C3%A1n_Mixe
mcp,Makaa,
mcr,Menya,
mda,Mada,
mdd,Mbum,
mde,Maba,
mdf,Moksha,http://dbpedia.org/resource/Moksha_language
mdh,Maguindanao,http://dbpedia.org/resource/Maguindanao_language
mdi,Mamvu,
mdj,Mangbetu,
gmm,Gbaya-Mbodomo,
mdq,Mbole,
mdt,Mbere,
mdx,Dizi,http://dbpedia.org/resource/Dizin_language
mdy,Male,http://dbpedia.org/resource/Male_language_%28Ethiopia%29
mec,Mara,
mei,Midob,
mej,Meyah,
mek,Mekeo,
mel,"Melanau, Central",http://dbpedia.org/resource/Melanau_language
mep,Miriwung,http://dbpedia.org/resource/Miriwoong_language
mas,Maasai,http://dbpedia.org/resource/Maasai_language
meu,Motu,http://dbpedia.org/resource/Motu_language
mev,Mann,
mey,Hassaniyya,http://dbpedia.org/resource/Hass%C4%81n%C4%ABya_Arabic
mez,Menominee,http://dbpedia.org/resource/Menominee_language
mfc,Mba,
mfe,Morisyen,http://dbpedia.org/resource/Mauritian_Creole
mfi,Wandala,
mfr,Marithiel,
mfv,Mandjak,
men,Mende,http://dbpedia.org/resource/Mende_language
mgd,Moru,
mgf,Maklew,
mgl,Maleu-Kilenge,http://dbpedia.org/resource/Maleu-Kilenge_language
mgp,"Magar, Eastern",http://dbpedia.org/resource/Magar_language
mgr,Mambwe-Lungu,
mgu,Mailu,http://dbpedia.org/resource/Mailu_language
mgw,Matumbi,http://dbpedia.org/resource/Kimatuumbi_language
mhd,Mbugu,http://dbpedia.org/resource/Mbugu_language
mhe,Mah Meri,
mhi,Ma'di,http://dbpedia.org/resource/Madi_language_%28Sudan_and_Uganda%29
mad,Madura,http://dbpedia.org/resource/Madurese_language
mhk,Mungaka,
mos,Mòoré,http://dbpedia.org/resource/M%C3%B2or%C3%A9_language
mdr,Mandar,http://dbpedia.org/resource/Mandar_language
mhq,Mandan,http://dbpedia.org/resource/Mandan_language
mhs,Buru,
mhu,Digaro-Mishmi,
mhv,Identifier mhv has been changed,
mhx,Lhao Vo,
mhy,Ma'anyan,
mhz,Mor,
mia,Miami,http://dbpedia.org/resource/Miami-Illinois_language
mib,"Mixtec, Atatláhuca",
mic,Micmac,http://dbpedia.org/resource/M%C3%ADkmaq_language
mid,Mandaic,http://dbpedia.org/resource/Neo-Mandaic
mie,"Mixtec, Ocotepec",
mif,Mofu-Gudur,http://dbpedia.org/resource/Mofu-Gudur_language
mig,"Mixtec, San Miguel el Grande",
mih,"Mixtec, Chayuco",
mik,Mikasuki,http://dbpedia.org/resource/Mikasuki_language
mil,"Mixtec, Peñoles",
mim,"Mixtec, Alacatlatzala",
mio,"Mixtec, Pinotepa Nacional",
miq,Mískito,http://dbpedia.org/resource/Miskito_language
miy,"Mixtec, Ayutla",
miz,"Mixtec, Coatzospan",
mjc,"Mixtec, San Juan Colorado",
glv,Manx,http://dbpedia.org/resource/Manx_language
mnc,Manchu,http://dbpedia.org/resource/Manchu_language
mjg,Tu,http://dbpedia.org/resource/Monguor_language
mji,Kim Mun,
mjk,Matukar,http://dbpedia.org/resource/Matukar_language
mal,Malayalam,http://dbpedia.org/resource/Malayalam_language
mjw,Karbi,
swv,Shekhawati,http://dbpedia.org/resource/Shekhawati_language
mke,Mawchi,
mkf,Miya,http://dbpedia.org/resource/Miya_language
mkd,Macedonian,http://dbpedia.org/resource/Macedonian_language
mai,Maithili,http://dbpedia.org/resource/Maithili_language
mks,"Mixtec, Silacayoapan",
mky,"Makian, East",http://dbpedia.org/resource/Taba_language
mla,Malo,http://dbpedia.org/resource/Tamambo_language
mle,Manambu,
mhj,Mogholi,http://dbpedia.org/resource/Moghol_language
zlm,Malay,
zsm,"Malay, Standard",
mlm,Mulam,
mlp,Bargam,
mlq,"Maninkakan, Western",
mlt,Maltese,http://dbpedia.org/resource/Maltese_language
mlu,To'abaita,
mlv,Motlav,http://dbpedia.org/resource/Mwotlap
nna,Nyangumarta,http://dbpedia.org/resource/Nyangumarta_language
mme,Mae,
mmn,Mamanwa,
mms,"Mam, Southern",
mmy,Migaama,http://dbpedia.org/resource/Migaama_language
mna,Mbula,http://dbpedia.org/resource/Mbula_language
umb,Umbundu,http://dbpedia.org/resource/Ovimbundu
mng,"Mnong, Eastern",
emk,"Maninkakan, Eastern",
mnk,Mandinka,http://dbpedia.org/resource/Mandinka_language
mkj,Mokilese,http://dbpedia.org/resource/Mokilese_language
mni,Meitei,http://dbpedia.org/resource/Meitei_language
mns,Mansi,http://dbpedia.org/resource/Mansi_language
mnv,Rennell-Bellona,
mnw,Mon,http://dbpedia.org/resource/Mon_language
mnx,Manikion,
mnz,Moni,
moc,Mocoví,http://dbpedia.org/resource/Mocov%C3%AD_language
moe,Montagnais,http://dbpedia.org/resource/Innu-aimun
mof,Mohegan-Montauk-Narragansett,http://dbpedia.org/resource/Mohegan-Montauk-Narragansett_language
mog,Mongondow,http://dbpedia.org/resource/Bolaang_Mongondow_language
moh,Mohawk,http://dbpedia.org/resource/Mohawk_language
mok,Morori,
lol,Mongo-Nkundu,http://dbpedia.org/resource/Mongo_language
mnr,Mono,http://dbpedia.org/resource/Mono_language_%28Native_American%29
mop,"Maya, Mopán",http://dbpedia.org/resource/Mopan_language
mor,Moro,
mot,Barí,http://dbpedia.org/resource/Bar%C3%AD_language
mov,Mohave,http://dbpedia.org/resource/Mojave_language
moy,Shekkacho,
moz,Mukulu,http://dbpedia.org/resource/Mukulu_language
mpb,Mullukmulluk,http://dbpedia.org/resource/Malak-Malak_language
mpc,Mangarayi,
mpe,Majang,http://dbpedia.org/resource/Majang_language
mph,Maung,
mpj,Martu Wangka,
mpk,Mbara,
mpm,"Mixtec, Yosondúa",
mpq,Matís,
mps,Dadibi,http://dbpedia.org/resource/Dadibi_language
min,Minangkabau,http://dbpedia.org/resource/Minangkabau_language
mqj,Mamasa,
mag,Magahi,http://dbpedia.org/resource/Magahi_language
mqs,"Makian, West",
mqy,Manggarai,
mra,Mlabri,http://dbpedia.org/resource/Mlabri_language
mrc,Maricopa,http://dbpedia.org/resource/Maricopa_language
mrd,"Magar, Western",
mrf,Elseng,http://dbpedia.org/resource/Elseng_language
mrg,Miri,
mrh,"Chin, Mara",http://dbpedia.org/resource/Mara_language
mrj,"Mari, Hill",
mrn,Cheke Holo,
mrq,"Marquesan, North",
mar,Marathi,http://dbpedia.org/resource/Marathi_language
mrw,Maranao,http://dbpedia.org/resource/Maranao_language
mrz,Marind,
mls,Masalit,http://dbpedia.org/resource/Masalit_language
msj,Ma,
mso,Mombum,
mak,Makasar,http://dbpedia.org/resource/Makassarese_language
msu,Musom,
msy,Aruamu,
mte,Mono,
mtf,Murik,
mtg,Una,
mtk,Mbo’,
mto,"Mixe, Totontepec",http://dbpedia.org/resource/Totontepec_Mixe
mtq,Muong,
mua,Mundang,
mug,Musgu,
muh,Mündü,
mzm,Mumuye,
mnf,Mundani,
mur,Murle,
unr,Mundari,http://dbpedia.org/resource/Mandari_language
muz,Mursi,
mva,Manam,http://dbpedia.org/resource/Manam_language
mvb,Mattole,http://dbpedia.org/resource/Mattole_language
mvc,"Mam, Central",
mvf,"Mongolian, Peripheral",
mvn,Minaveha,
mwd,Mudbura,
mwe,Mwera,
mwf,Murrinh-Patha,http://dbpedia.org/resource/Murrinh-patha_language
mwp,Kala Lagaw Ya,http://dbpedia.org/resource/Kala_Lagaw_Ya
mwv,Mentawai,http://dbpedia.org/resource/Mentawai_language
mww,"Miao, White",
mxj,Miju-Mishmi,
mxk,Monumbo,
mxp,"Mixe, Tlahuitoltepec",http://dbpedia.org/resource/Tlahuitoltepec_Mixe
mxt,"Mixtec, Jamiltepec",
mxu,Mada,http://dbpedia.org/resource/Mada_language_%28Cameroon%29
mxx,Mahou,
mcu,"Mambila, Cameroon",
myb,Mbay,
mye,Myene,http://dbpedia.org/resource/Myene_language
myh,Makah,http://dbpedia.org/resource/Makah_language
mym,Me'en,http://dbpedia.org/resource/Me%27en_language
mnb,Muna,
myp,Pirahã,http://dbpedia.org/resource/Pirah%C3%A3_language
myu,Mundurukú,
myv,Erzya,http://dbpedia.org/resource/Erzya_language
myw,Muyuw,
myy,Macuna,
mzb,Tumzabt,http://dbpedia.org/resource/Mozabite_language
mzh,Wichí Lhamtés Güisnay,http://dbpedia.org/resource/Wich%C3%AD_Lhamt%C3%A9s_G%C3%BCisnay
mzk,"Mambila, Nigeria",
mah,Marshallese,http://dbpedia.org/resource/Marshallese_language
mzn,Mazanderani,http://dbpedia.org/resource/Gorgani_dialect
mzp,Movima,http://dbpedia.org/resource/Movima_language
nab,"Nambikuára, Southern",http://dbpedia.org/resource/Nambikwara_language
naf,Nabak,
nag,Naga Pidgin,http://dbpedia.org/resource/Nagamese
ngu,"Nahuatl, Guerrero",
nhe,"Nahuatl, Eastern Huasteca",http://dbpedia.org/resource/Eastern_Huasteca_Nahuatl
nak,Nakanai,http://dbpedia.org/resource/Nakanai_language
nal,Nalik,http://dbpedia.org/resource/Nalik_language
nam,Nangikurrunggurr,http://dbpedia.org/resource/Ngan%27gityemerri_language
npy,Napu,
naq,Nama,
nas,Naasioi,http://dbpedia.org/resource/Naasioi_language
nhx,"Nahuatl, Isthmus-Mecayapan",http://dbpedia.org/resource/Isthmus-Mecayapan_Nahuatl
nav,Navajo,http://dbpedia.org/resource/Navajo_language
nay,Narrinyeri,http://dbpedia.org/resource/Yaralde_language
nbc,"Naga, Chang",
nbf,Naxi,http://dbpedia.org/resource/Naxi_language
nbi,"Naga, Mao",
nbj,Ngarinman,
nbw,"Ngbandi, Southern",
nbx,Ngura,http://dbpedia.org/resource/Wangkumara_%28language%29
ncb,"Nicobarese, Central",
nce,Yale,http://dbpedia.org/resource/Yal%C3%AB_language
ncg,Nisga'a,http://dbpedia.org/resource/Nisga%27a_language
ncj,"Nahuatl, Northern Puebla",
nck,Nakara,
ncl,"Nahuatl, Michoacán",
ncu,Chumburung,
ncz,Natchez,
ndo,Ndonga,http://dbpedia.org/resource/Ndonga_language
ndi,Samba Leko,
ndt,Ndunga,
ndv,Ndut,
ndz,Ndogo,
nee,Nêlêmwa-Nixumwak,
neg,Negidal,http://dbpedia.org/resource/Negidal_language
nbl,Ndebele,http://dbpedia.org/resource/Southern_Ndebele_language
nen,Nengone,
nep,Nepali,http://dbpedia.org/resource/Nepali_language
new,Newar,http://dbpedia.org/resource/Nepal_Bhasa
nez,Nez Perce,http://dbpedia.org/resource/Nez_Perce_language
nfl,Äiwoo,http://dbpedia.org/resource/%C3%84iwoo_language
nfr,Nafaanra,http://dbpedia.org/resource/Nafaanra
nga,Ngbaka,
ngb,"Ngbandi, Northern",
ngc,Ngombe,
nge,Ngemba,
ngi,Ngizim,http://dbpedia.org/resource/Ngizim_language
ngk,Ngalkbun,http://dbpedia.org/resource/Dalabon_language
ngo,Ngoni,
pcc,Bouyei,
nhb,Beng,
nhg,"Nahuatl, Tetelcingo",http://dbpedia.org/resource/Tetelcingo_Nahuatl
nlx,Nahali,http://dbpedia.org/resource/Nahali_language
nhn,"Nahuatl, Central",
nhp,"Nahuatl, Isthmus-Pajapan",http://dbpedia.org/resource/Pajapan_Nahuatl
nhr,Naro,
nhu,Noone,
nhw,"Nahuatl, Western Huasteca",
nid,Ngandi,
nie,Niellim,http://dbpedia.org/resource/Niellim_language
nig,Ngalakan,http://dbpedia.org/resource/Ngalakan_language
nih,"Nyiha, Tanzania",
nij,Ngaju,http://dbpedia.org/resource/Ngaju_language
nio,Nganasan,http://dbpedia.org/resource/Nganasan_language
nia,Nias,http://dbpedia.org/resource/Nias_language
niu,Niue,http://dbpedia.org/resource/Niuean_language
nir,Nimboran,
nit,"Kolami, Southeastern",
niv,Gilyak,http://dbpedia.org/resource/Nivkh_language
niy,Ngiti,
niz,Ningil,
njb,"Naga, Nocte",
njh,"Naga, Lotha",http://dbpedia.org/resource/Lotha_language
njm,"Naga, Angami",http://dbpedia.org/resource/Angami_language
njo,"Naga, Ao",http://dbpedia.org/resource/Mongsen_Ao_language
nju,Ngadjunmaya,
nkf,"Naga, Inpui",
nko,Nkonya,
nkr,Nukuoro,http://dbpedia.org/resource/Nukuoro_language
nlg,Gela,http://dbpedia.org/resource/Gela_language
nmb,"Nambas, Big",http://dbpedia.org/resource/Big_Nambas_language
nmd,Ndumu,
nmf,"Naga, Tangkhul",
nmg,Kwasio,http://dbpedia.org/resource/Ngumba_language
nmn,!Xóõ,http://dbpedia.org/resource/Taa_language
nmu,"Maidu, Northeast",http://dbpedia.org/resource/Maidu_language
nnb,Nande,
nni,"Nuaulu, North",
nnk,Nankina,
nnm,Namia,
nnt,Nanticoke,http://dbpedia.org/resource/Nanticoke_language
noa,Woun Meu,http://dbpedia.org/resource/Noanam%C3%A1
nog,Nogai,http://dbpedia.org/resource/Nogai_language
lao,Lao,http://dbpedia.org/resource/Lao_language
noo,Nootka,http://dbpedia.org/resource/Nuu-chah-nulth_language
not,Nomatsiguenga,
npa,Nar Phu,http://dbpedia.org/resource/Nar_Phu_language
nap,Napoletano-Calabrese,http://dbpedia.org/resource/Neapolitan_language
nrb,Nara,http://dbpedia.org/resource/Nara_language
nri,"Naga, Chokri",
nrl,Ngarluma,
nrm,Narom,http://dbpedia.org/resource/Narom_language
nau,Nauruan,http://dbpedia.org/resource/Nauruan_language
nrz,Lala,
nse,Nsenga,
nsk,Naskapi,http://dbpedia.org/resource/Naskapi_language
nsl,Norwegian Sign Language,http://dbpedia.org/resource/Norwegian_Sign_Language
nsm,"Naga, Sumi",
nsn,Nehan,
lns,Lamnso',
nsq,"Miwok, Northern Sierra",
nst,"Naga, Tase",
nsz,Nisenan,http://dbpedia.org/resource/Nisenan_language
ntj,Ngaanyatjarra,http://dbpedia.org/resource/Ngaatjatjarra
ntm,Nateni,
nto,Ntomba,
ntp,"Tepehuan, Northern",http://dbpedia.org/resource/Tepehu%C3%A1n_language
nuf,Nusu,
num,Niuafo'ou,http://dbpedia.org/resource/Niuafo%27ou_language
nun,Nung,http://dbpedia.org/resource/Anung_language
nup,Nupe-Nupe-Tako,
nus,Nuer,http://dbpedia.org/resource/Nuer_language
nut,Nung,
nuv,"Nuni, Northern",
nux,Mehek,
nuy,Nunggubuyu,http://dbpedia.org/resource/Nunggubuyu_language
nwi,"Tanna, Southwest",
nxg,Ngad'a,http://dbpedia.org/resource/Ngadha_language
nxl,"Nuaulu, South",
nxn,Ngawun,http://dbpedia.org/resource/Ngawun_language
nyj,Nyanga,http://dbpedia.org/resource/Nyanga_language
nyh,Nyigina,http://dbpedia.org/resource/Nyigina_language
nyi,Ama,
nya,Nyanja,http://dbpedia.org/resource/Chichewa_language
now,Nyambo,
nyn,Nyankore,
nyp,Nyang'i,
nyo,Nyoro,
nys,Nyunga,http://dbpedia.org/resource/Noongar
nyt,Nyawaygi,
nyv,Nyulnyul,http://dbpedia.org/resource/Nyulnyul_language
nym,Nyamwezi,
nzk,Nzakara,
nzm,"Naga, Zeme",
nzs,New Zealand Sign Language,http://dbpedia.org/resource/New_Zealand_Sign_Language
oaa,Orok,http://dbpedia.org/resource/Orok_language
oac,Oroch,http://dbpedia.org/resource/Oroch_language
oca,Ocaina,http://dbpedia.org/resource/Ocaina_language
ocu,"Matlatzinca, Atzingo",
ogb,Ogbia,
ogu,Ogbronuagum,
ojg,"Ojibwa, Eastern",http://dbpedia.org/resource/Eastern_Ojibwa_language
ojs,"Ojibwa, Severn",http://dbpedia.org/resource/Oji-Cree_language
oka,Okanagan,http://dbpedia.org/resource/Okanagan_language
oku,Oku,
oma,Omaha-Ponca,http://dbpedia.org/resource/Omaha-Ponca_language
omb,"Ambae, East",http://dbpedia.org/resource/East_Ambae_language
omg,Omagua,
ona,Ona,http://dbpedia.org/resource/Ona_language
one,Oneida,http://dbpedia.org/resource/Oneida_language
ong,Olo,
ono,Onondaga,http://dbpedia.org/resource/Onondaga_language
ons,Ono,
oon,Öñge,http://dbpedia.org/resource/%C3%96nge_language
opm,Oksapmin,http://dbpedia.org/resource/Oksapmin_language
ore,Orejón,
okv,Orokaiva,
oro,Orokolo,http://dbpedia.org/resource/Orokolo
ort,"Oriya, Adivasi",
oru,Ormuri,
ori,Oriya,http://dbpedia.org/resource/Morphemes_in_Oriya
osa,Osage,http://dbpedia.org/resource/Osage_language
oss,Osetin,http://dbpedia.org/resource/Ossetic_language
otz,"Otomi, Ixtenco",
ote,"Otomi, Mezquital",http://dbpedia.org/resource/Mezquital_Otomi
otm,"Otomi, Eastern Highland",http://dbpedia.org/resource/Highland_Otomi
otq,"Otomi, Querétaro",
otr,Otoro,
oua,Tagargrent,
oym,Wayampi,
oyb,Oy,
pab,Parecís,
pac,Pacoh,
pad,Paumarí,
pap,Papiamentu,http://dbpedia.org/resource/Papiamento
plu,Palikúr,
pao,"Paiute, Northern",http://dbpedia.org/resource/Northern_Paiute_language
ood,Tohono O’odham,http://dbpedia.org/resource/O%27odham_language
par,Timbisha,
bvz,Bauzi,
pav,Pakaásnovos,http://dbpedia.org/resource/Wari%E2%80%99_language
paw,Pawnee,http://dbpedia.org/resource/Pawnee_language
pay,Pech,
rap,Rapa Nui,http://dbpedia.org/resource/Rapa_Nui_language
pbb,Páez,http://dbpedia.org/resource/P%C3%A1ez_language
pbe,"Popoloca, Mezontla",
pbf,"Popoloca, Coyotepec",
pbh,E’ñapa Woromaipu,http://dbpedia.org/resource/Panare
pbi,Parkwa,
pbr,Pangwa,
pbs,"Pame, Central",
pce,"Palaung, Ruching",
pci,Duruwa,
pck,"Chin, Paite",
pcm,"Pidgin, Nigerian",http://dbpedia.org/resource/Nigerian_Pidgin
tpi,Tok Pisin,http://dbpedia.org/resource/Tok_Pisin
pdo,Padoe,
peb,"Pomo, Eastern",http://dbpedia.org/resource/Eastern_Pomo_language
peg,Pengo,
peh,Bonan,http://dbpedia.org/resource/Bonan_language
pei,Chichimeca-Jonaz,
pej,"Pomo, Northern",
pom,"Pomo, Southeastern",
pes,"Farsi, Western",
tgk,Tajiki,http://dbpedia.org/resource/Tajik_Persian
pgu,Pagu,
pia,Pima Bajo,http://dbpedia.org/resource/Pima_Bajo
pib,Yine,
pid,Piaroa,
pif,Pingelapese,http://dbpedia.org/resource/Pingelapese_language
pim,Powhatan,http://dbpedia.org/resource/Powhatan_language
pio,Piapoco,
pip,Pero,
pir,Piratapuyo,
pit,Pitta Pitta,http://dbpedia.org/resource/Pitta_Pitta_language
piu,Pintupi-Luritja,http://dbpedia.org/resource/Pintupi_language
piv,Vaeakau-Taumako,http://dbpedia.org/resource/Pileni_language
pjt,Pitjantjatjara,http://dbpedia.org/resource/Pitjantjatjara_language
pkn,Pakanha,
pko,Pökoot,http://dbpedia.org/resource/P%C3%B6koot_language
pks,Pakistan Sign Language,
plg,Pilagá,http://dbpedia.org/resource/Pilag%C3%A1_language
plh,Paulohi,
plo,"Popoluca, Oluta",
pau,Palauan,http://dbpedia.org/resource/Palauan_language
pma,Paama,http://dbpedia.org/resource/Paama_language
pmi,"Pumi, Northern",
pam,Pampangan,http://dbpedia.org/resource/Kapampangan_language
pms,Piemontese,http://dbpedia.org/resource/Piedmontese_language
pmt,Tuamotuan,http://dbpedia.org/resource/Tuamotuan_language
pmw,"Miwok, Plains",
pon,Pohnpeian,http://dbpedia.org/resource/Pohnpeian_language
pag,Pangasinan,http://dbpedia.org/resource/Pangasinan_language
pan,"Panjabi, Eastern",http://dbpedia.org/resource/Punjabi_language
pnw,Panytyima,http://dbpedia.org/resource/Panyjima_language
poa,"Poqomam, Eastern",
pob,"Poqomchi', Western",
poc,"Poqomam, Central",
poe,"Popoloca, San Juan Atzingo",
poh,"Poqomchi', Eastern",
poi,"Popoluca, Highland",http://dbpedia.org/resource/Sierra_Popoluca
png,Pongu,http://dbpedia.org/resource/Pongu_language
poo,"Pomo, Central",
por,Portuguese,http://dbpedia.org/resource/Portuguese_language
pos,"Popoluca, Sayula",http://dbpedia.org/resource/Sayula_Popoluca
pot,Potawatomi,http://dbpedia.org/resource/Potawatomi_language
pov,"Crioulo, Upper Guinea",http://dbpedia.org/resource/Guinea-Bissau_Creole
pox,Polabian,http://dbpedia.org/resource/Polabian_language
poy,Pogolo,
ppk,Uma,
sdo,"Bidayuh, Bukar-Sadong",
ppl,Pipil,http://dbpedia.org/resource/Pipil_language
ppo,Folopa,
pol,Polish,http://dbpedia.org/resource/Polish_language
pre,Principense,http://dbpedia.org/resource/Principense_language
prk,"Wa, Parauk",
prn,Prasuni,http://dbpedia.org/resource/Vasi-vari_language
prs,"Farsi, Eastern",
psa,"Awyu, Asue",
psd,Plains Indian Sign Language,http://dbpedia.org/resource/Plains_Indian_Sign_Language
psr,Portuguese Sign Language,
pss,Kaulong,http://dbpedia.org/resource/Kaulong_language
pst,"Pashto, Central",
ptp,Patep,
ptu,Bambam,
pue,Puelche,http://dbpedia.org/resource/Puelche_language
pui,Puinave,
puo,Puoc,
pmj,"Pumi, Southern",
puw,Puluwatese,
pwa,Pawaia,
pwg,Gapapaiwa,
pwn,Paiwan,http://dbpedia.org/resource/Paiwan_language
pwo,"Karen, Pwo Western",
pww,"Karen, Pwo Northern",
pym,Fyam,
qxa,"Quechua, Chiquián Ancash",
qvh,"Quechua, Huamalíes-Dos de Mayo Huánuco",
qvi,"Quichua, Imbabura Highland",
ahg,Qimant,http://dbpedia.org/resource/Qimant_language
qvn,"Quechua, North Junín",
xac,Kachari,http://dbpedia.org/resource/Kachari_language
kuy,Kuuku-Ya'u,
wdj,Wadjiginy,
xmu,Kamu,
mmc,"Mazahua, Michoacán",
qxs,"Qiang, Southern",http://dbpedia.org/resource/Southern_Qiang_language
mqm,"Marquesan, South",
qvc,"Quechua, Cajamarca",http://dbpedia.org/resource/Cajamarca_Quechua
quc,"K'iche', Central",
qug,"Quichua, Chimborazo Highland",
quh,"Quechua, South Bolivian",http://dbpedia.org/resource/South_Bolivian_Quechua
qui,Quileute,http://dbpedia.org/resource/Quileute_language
qul,"Quechua, North Bolivian",
quy,"Quechua, Ayacucho",http://dbpedia.org/resource/Ayacucho_Quechua
quz,"Quechua, Cusco",http://dbpedia.org/resource/Cusco_Quechua
rab,Camling,http://dbpedia.org/resource/Camling_language
rad,Rade,
ram,Canela,http://dbpedia.org/resource/Canela_language
ran,Riantana,
rao,Rao,
ras,Tegali,
raw,Rawang,
rbb,"Palaung, Rumai",
rej,Rejang,http://dbpedia.org/resource/Rejang_language
rel,Rendille,http://dbpedia.org/resource/Rendille_language
ren,Rengao,
rgr,Resígaro,
roh,Romansch,http://dbpedia.org/resource/Romansh_language
rif,Tarifit,http://dbpedia.org/resource/Tarifit_language
rim,Nyaturu,
rit,Ritarungo,
rma,Rama,
rmb,Rembarunga,
rmn,"Romani, Balkan",
rmo,"Romani, Sinte",
rmt,Domari,http://dbpedia.org/resource/Domari_language
rmw,"Romani, Welsh",http://dbpedia.org/resource/Welsh-Romani_language
rmy,"Romani, Vlax",http://dbpedia.org/resource/Vlax_Romani_language
rog,"Roglai, Northern",
rml,"Romani, Baltic",
rng,Ronga,
roo,Rotokas,http://dbpedia.org/resource/Rotokas_language
rop,Kriol,http://dbpedia.org/resource/Australian_Kriol_language
rou,Runga,
rro,Waima,
rsl,Russian Sign Language,http://dbpedia.org/resource/Russian_Sign_Language
rth,Ratahan,
rtm,Rotuman,http://dbpedia.org/resource/Rotuman_language
kin,Rwanda,http://dbpedia.org/resource/Kinyarwanda
run,Rundi,http://dbpedia.org/resource/Kirundi
rug,Roviana,http://dbpedia.org/resource/Roviana_language
ron,Romanian,http://dbpedia.org/resource/Romanian_language
rus,Russian,http://dbpedia.org/resource/Russian_language
rut,Rutul,http://dbpedia.org/resource/Rutul_language
bel,Belarusan,http://dbpedia.org/resource/Belarusian_language
rwa,Rawo,
rwo,Rawa,
sab,Buglere,
sac,Meskwaki,
sag,Sango,http://dbpedia.org/resource/Sango_language
sel,Selkup,http://dbpedia.org/resource/Selkup_language
sln,Salinan,http://dbpedia.org/resource/Salinan_language
xsu,Sanumá,http://dbpedia.org/resource/Sanum%C3%A1_language
sxn,Sangir,http://dbpedia.org/resource/Sangir_language
sba,Ngambay,http://dbpedia.org/resource/Ngambay_language
sbc,Kele,http://dbpedia.org/resource/Kele_language
sbe,Saliba,
sbf,Shabo,http://dbpedia.org/resource/Shabo_language
sad,Sandawe,http://dbpedia.org/resource/Sandawe_language
sbs,Kuhane,
sbu,Stod Bhoti,
sce,Dongxiang,http://dbpedia.org/resource/Dongxiang_language
scl,Shina,http://dbpedia.org/resource/Shina_language
xsr,Sherpa,http://dbpedia.org/resource/Sherpa_language
scs,"Slavey, North",
sda,Toraja-Sa'dan,
sdg,Savi,
sdm,Semandang,
sdp,Sherdukpen,
sea,Semai,http://dbpedia.org/resource/Semai_language
sed,Sedang,http://dbpedia.org/resource/Sedang_language
see,Seneca,http://dbpedia.org/resource/Seneca_language
sef,"Senoufo, Cebaara",
seh,Sena,
sei,Seri,http://dbpedia.org/resource/Seri_language
spl,Selepet,
ser,Serrano,
set,Sentani,http://dbpedia.org/resource/Sentani_language
sey,Secoya,
sgh,Shughni,http://dbpedia.org/resource/Shughni_language
sgl,Sanglechi-Ishkashimi,
sgz,Sursurunga,
shb,Ninam,
sna,Shona,http://dbpedia.org/resource/Shona_language
shh,Shoshoni,http://dbpedia.org/resource/Shoshone_language
shi,Tachelhit,http://dbpedia.org/resource/Tashelhiyt_language
shj,Shatt,http://dbpedia.org/resource/Shatt_language
shk,Shilluk,
shm,Shahrudi,
shp,Shipibo-Conibo,http://dbpedia.org/resource/Shipibo_language
shs,Shuswap,http://dbpedia.org/resource/Shuswap_language
sht,Shasta,http://dbpedia.org/resource/Shasta_language
shu,"Arabic, Chadian Spoken",http://dbpedia.org/resource/Chadian_Arabic
shv,Shehri,http://dbpedia.org/resource/Shehri_language
shy,Tachawit,http://dbpedia.org/resource/Chaouia_language
sif,Siamou,
snn,Siona,
xsi,Sio,http://dbpedia.org/resource/Sio_language
sip,Sikkimese,http://dbpedia.org/resource/Sikkimese_Tibetan_language
sis,Siuslaw,
ssb,"Sama, Southern",
siw,Siwai,
siz,Siwi,http://dbpedia.org/resource/Siwi_language
sja,Epena,
shn,Shan,http://dbpedia.org/resource/Shan_language
sjr,Siar-Lak,
sjw,Shawnee,http://dbpedia.org/resource/Shawnee_language
skb,Saek,http://dbpedia.org/resource/Saek_language
skd,"Miwok, Southern Sierra",
skh,Sikule,http://dbpedia.org/resource/Sikule_language
ski,Sika,http://dbpedia.org/resource/Sika_language
sku,Sakao,
skv,Skou,
xsl,"Slavey, South",
slc,Sáliba,
slh,"Salish, Southern Puget Sound",
sua,Sulka,
sll,Salt-Yui,
slk,Slovak,http://dbpedia.org/resource/Slovak_language
slp,Lamaholot,
slr,Salar,http://dbpedia.org/resource/Salar_language
slu,Selaru,
slv,Slovene,http://dbpedia.org/resource/Slovene_language
sly,Selayar,http://dbpedia.org/resource/Selayar_language
slz,Ma'ya,
xbr,Kambera,http://dbpedia.org/resource/Kambera_language
smk,Bolinao,http://dbpedia.org/resource/Bolinao_language
smq,Samo,
smr,Simeulue,http://dbpedia.org/resource/Simeulue_language
smo,Samoan,http://dbpedia.org/resource/Samoan_language
snc,Sinaugoro,
snd,Sindhi,http://dbpedia.org/resource/Sindhi_language
snf,Noon,
sin,Sinhala,http://dbpedia.org/resource/Sinhala_language
div,Maldivian,http://dbpedia.org/resource/Mahl_language
snk,Soninke,http://dbpedia.org/resource/Soninke_language
snp,Siane,
snq,Sangu,
sat,Santali,http://dbpedia.org/resource/Santali_language
snv,Sa'ban,
sob,Sobei,http://dbpedia.org/resource/Sobei_language
som,Somali,http://dbpedia.org/resource/Somali_language
ses,"Songhay, Koyraboro Senni",
sop,Songe,
sov,Sonsorol,http://dbpedia.org/resource/Sonsorolese_language
lad,Ladino,http://dbpedia.org/resource/Judaeo-Spanish
spa,Spanish,http://dbpedia.org/resource/Spanish_language
spo,Spokane,
spp,"Senoufo, Supyire",http://dbpedia.org/resource/Supyire_language
sps,Saposa,
spu,Sapuan,
sqt,Soqotri,http://dbpedia.org/resource/Soqotri_language
squ,Squamish,http://dbpedia.org/resource/S%E1%B8%B5wx%CC%B1w%C3%BA7mesh_language
srb,Sora,http://dbpedia.org/resource/Sora_language
sri,Siriano,
srl,Isirawa,http://dbpedia.org/resource/Isirawa_language
srm,Saramaccan,http://dbpedia.org/resource/Saramaccan_language
srn,Sranan,http://dbpedia.org/resource/Sranan_Tongo
sro,"Sardinian, Campidanese",
srq,Sirionó,
srs,Sarsi,http://dbpedia.org/resource/Tsuut%E2%80%99ina_language
nso,"Sotho, Northern",http://dbpedia.org/resource/Northern_Sotho_language
ssd,Siroi,
sse,Balangingi,
ssf,Thao,http://dbpedia.org/resource/Thao_language
ssl,"Sisaala, Western",http://dbpedia.org/resource/Western_Sisaala
ssn,Waata,
sot,"Sotho, Southern",
ssp,Spanish Sign Language,http://dbpedia.org/resource/Spanish_Sign_language
sst,Sinasina,
ssy,Saho,http://dbpedia.org/resource/Saho_language
stc,Natügu,http://dbpedia.org/resource/Santa_Cruz_language
sti,"Stieng, Bulo",
sto,Stoney,
stp,"Tepehuan, Southeastern",http://dbpedia.org/resource/Tepehu%C3%A1n_language
str,"Salish, Straits",http://dbpedia.org/resource/North_Straits_Salish_languages
stt,"Stieng, Budeh",
suk,Sukuma,
sus,Susu,http://dbpedia.org/resource/Susu_language
sue,Suena,
sui,Suki,http://dbpedia.org/resource/Suki_language
sum,Sumo-Mayangna,http://dbpedia.org/resource/Sumo_language
sjg,Assangori,http://dbpedia.org/resource/Sungor_language
sun,Sunda,http://dbpedia.org/resource/Sundanese_language
suq,Suri,
sur,Mwaghavul,http://dbpedia.org/resource/Mwaghavul_language
suv,Sulung,
saj,Sahu,
sva,Svan,http://dbpedia.org/resource/Svan_language
svs,Savosavo,http://dbpedia.org/resource/Savosavo_language
swh,Swahili,
swb,Maore,http://dbpedia.org/resource/Shimaore_dialect
swe,Swedish,http://dbpedia.org/resource/Swedish_language
swi,Sui,http://dbpedia.org/resource/Sui_language
swl,Swedish Sign Language,
swt,Sawila,
ssw,Swati,http://dbpedia.org/resource/Swati_language
nds,"Saxon, Low",http://dbpedia.org/resource/Low_German
sza,Semelai,
szg,Sengele,
szp,Suabo,
szw,Sawai,
taa,"Tanana, Lower",http://dbpedia.org/resource/Lower_Tanana_language
tab,Tabassaran,http://dbpedia.org/resource/Tabasaran_language
tac,"Tarahumara, Western",
tae,Tariana,http://dbpedia.org/resource/Tariana_language
tpj,Ñandeva,http://dbpedia.org/resource/Tapiet%C3%A9
taj,"Tamang, Eastern",http://dbpedia.org/resource/Tamang_language
tpm,Tampulma,
tan,Tangale,
twf,"Tiwa, Northern",http://dbpedia.org/resource/Taos_language
tap,Taabwa,
tar,"Tarahumara, Central",http://dbpedia.org/resource/Tarahumara_language
tav,Tatuyo,
tay,Atayal,
tba,Aikanã,http://dbpedia.org/resource/Aikana_language
tbc,Takia,
tbd,Kaki Ae,http://dbpedia.org/resource/Takia_language
tbg,"Tairora, North",
tbh,Thurawal,http://dbpedia.org/resource/Tharawal_language
tbi,Gaam,
tbl,Tboli,
tbo,Tawala,
tbu,Tubar,http://dbpedia.org/resource/Tubar_language
tbw,Tagbanwa,
tby,Tabaru,
tca,Ticuna,http://dbpedia.org/resource/Ticuna_language
tcb,Tanacross,http://dbpedia.org/resource/Tanacross_language
tcc,Datooga,http://dbpedia.org/resource/Datooga_language
tcg,Tamagario,
tuk,Turkmen,http://dbpedia.org/resource/Turkmen_language
tcs,Torres Strait Creole,http://dbpedia.org/resource/Torres_Strait_Creole
tam,Tamil,http://dbpedia.org/resource/Language_demographics_of_Northern_Province%2C_Sri_Lanka
tel,Telugu,http://dbpedia.org/resource/Telugu_language
tcx,Toda,http://dbpedia.org/resource/Toda_language
tcy,Tulu,http://dbpedia.org/resource/Tulu_language
tcz,"Chin, Thado",
tdh,Thulung,http://dbpedia.org/resource/Thulung_language
tdn,Tondano,
tds,Doutai,
ter,Terêna,http://dbpedia.org/resource/Ter%C3%AAna_language
tpt,"Tepehua, Tlachichilco",
teh,Tehuelche,http://dbpedia.org/resource/Tehuelche_language
tem,Themne,http://dbpedia.org/resource/Temne_language
tll,Tetela,http://dbpedia.org/resource/Tetela_language
teo,Teso,http://dbpedia.org/resource/Ateso_language
tep,Tepecano,
teq,Temein,
ttr,Tera,http://dbpedia.org/resource/Tera_language
atj,Atikamekw,http://dbpedia.org/resource/Atikamekw_language
teu,Soo,
tew,Tewa,
tex,Tennet,
tfn,Tanaina,http://dbpedia.org/resource/Dena%E2%80%99ina_language
tfr,Teribe,
tft,Ternate,
tgc,Tigak,http://dbpedia.org/resource/Tigak_language
tge,"Tamang, Eastern Gorkha",
tgg,Tangga,
tgl,Tagalog,http://dbpedia.org/resource/Tagalog_language
tir,Tigrigna,http://dbpedia.org/resource/Tigrinya_language
tgo,Sudest,
thd,Thayore,
thf,Thangmi,
tha,Thai,http://dbpedia.org/resource/Thai_language
thp,Thompson,
ths,Thakali,
tah,Tahitian,http://dbpedia.org/resource/Tahitian_language
thv,"Tamahaq, Tahaggart",http://dbpedia.org/resource/Tamahaq_language
bod,"Tibetan, Central",
tig,Tigré,http://dbpedia.org/resource/Tigre_language
tif,Tifal,http://dbpedia.org/resource/Tifal_language
tih,Timugon Murut,
tik,Tikar,
til,Tillamook,http://dbpedia.org/resource/Tillamook_language
tin,Tindi,http://dbpedia.org/resource/Tindi_language
tio,Teop,
tiv,Tiv,
tiw,Tiwi,http://dbpedia.org/resource/Tiwi_language
tix,"Tiwa, Southern",
tiy,Tiruray,
tkm,Takelma,http://dbpedia.org/resource/Takelma_language
tkr,Tsakhur,http://dbpedia.org/resource/Tsakhur_language
tks,Takestani,
tkw,Teanu,
tlb,Tobelo,http://dbpedia.org/resource/Tobelo_language
tlc,"Totonac, Yecuatla",
tld,Talaud,
tlf,Telefol,http://dbpedia.org/resource/Telefol_language
tli,Tlingit,http://dbpedia.org/resource/Tlingit_language
tlj,Talinga-Bwisi,
tlo,Talodi,
tly,Talysh,http://dbpedia.org/resource/Talysh_language
tma,Tama,http://dbpedia.org/resource/Tama_language
tmc,Tumak,http://dbpedia.org/resource/Tumak_language
tmd,Haruai,http://dbpedia.org/resource/Haruai_language
tea,Temiar,
tml,"Citak, Tamnim",
tmq,Tumleo,
aoz,Uab Meto,
tmu,Iau,
tna,Tacana,
tnc,Tanimuca-Retuarã,
tnd,"Tunebo, Angosturas",
tnk,Kwamera,
tnl,Lenakel,
tnm,Tabla,
tnt,Tontemboan,
tob,Toba,http://dbpedia.org/resource/Toba_Qom_language
toi,Tonga,http://dbpedia.org/resource/Tonga_language_%28Zambia%29
toj,Tojolabal,http://dbpedia.org/resource/Tojolab%27al_language
tkl,Tokelauan,http://dbpedia.org/resource/Tokelauan_language
tqw,Tonkawa,http://dbpedia.org/resource/Tonkawa_language
too,"Totonac, Xicotepec de Juárez",
top,"Totonac, Papantla",
tos,"Totonac, Highland",http://dbpedia.org/resource/Highland_Totonac
ton,Tongan,http://dbpedia.org/resource/Tongan_language
tow,Jemez,
tqo,Toaripi,
tpq,Tukpa,
tpx,"Me’phaa, Acatepec",
tpy,Trumai,
trc,"Triqui, Copala",
trg,Lishán Didán,http://dbpedia.org/resource/Lish%C3%A1n_Did%C3%A1n
tri,Trió,http://dbpedia.org/resource/Tiriy%C3%B3_language
tur,Turkish,http://dbpedia.org/resource/Turkish_language
tro,"Naga, Tarao",
trp,Kok Borok,http://dbpedia.org/resource/Kokborok_language
trr,Taushiro,
trs,"Triqui, Chicahuaxtla",
chk,Chuukese,http://dbpedia.org/resource/Chuukese_language
trv,Taroko,http://dbpedia.org/resource/Seediq_language
trw,Torwali,
tsg,Tausug,http://dbpedia.org/resource/Tausug_language
tsi,Tsimshian,http://dbpedia.org/resource/Coast_Tsimshian
tsj,Tshangla,http://dbpedia.org/resource/Tshangla_language
tsm,Turkish Sign Language,http://dbpedia.org/resource/Turkish_Sign_Language
tso,Tsonga,http://dbpedia.org/resource/Tsonga_language
tsp,"Toussian, Northern",
tsq,Thai Sign Language,http://dbpedia.org/resource/Thai_Sign_Language
tss,Taiwan Sign Language,http://dbpedia.org/resource/Taiwanese_Sign_Language
tsv,Tsogo,
tsn,Tswana,http://dbpedia.org/resource/Tswana_language
tsu,Tsou,http://dbpedia.org/resource/Tsou_language
tsz,Purepecha,http://dbpedia.org/resource/P%27urh%C3%A9pecha_language
tta,Tutelo,
ttc,Tektiteko,http://dbpedia.org/resource/Tektitek_language
tti,Tobati,
tet,Tetun,http://dbpedia.org/resource/Tetum
tat,Tatar,http://dbpedia.org/resource/Baraba_language
ttt,"Tat, Muslim",
tty,Sikaritai,
tub,Tübatulabal,http://dbpedia.org/resource/T%C3%BCbatulabal_language
tue,Tuyuca,
tuh,Taulil,
tui,Tupuri,http://dbpedia.org/resource/Tupuri_language
tun,Tunica,http://dbpedia.org/resource/Tunica_language
tyv,Tuva,http://dbpedia.org/resource/Tuvan_language
tuo,Tucano,http://dbpedia.org/resource/Tucano_language
tuq,Tedaga,http://dbpedia.org/resource/Tedaga_language
xed,Hdi,
tus,Tuscarora,
ttm,"Tutchone, Northern",
tuv,Turkana,http://dbpedia.org/resource/Turkana_language
tvk,"Ambrym, Southeast",
tvo,Tidore,http://dbpedia.org/resource/Tidore_language
twa,Twana,
aka,Akan,http://dbpedia.org/resource/Akan_language
txn,"Tarangan, West",
txu,Kayapó,
txx,Tatana,
tya,Tauya,
typ,Thaypan,http://dbpedia.org/resource/Kuku-Thaypan_language
tza,Tanzanian Sign Language,
tzb,"Tzeltal, Bachajón",
tzc,"Tzotzil, Chamula",http://dbpedia.org/resource/Chamula_Tzotzil
tzh,"Tzeltal, Oxchuc",
tzj,"Tz’utujil, Eastern",
tzm,"Tamazight, Central Atlas",http://dbpedia.org/resource/Central_Morocco_Tamazight
tzn,Tugun,
tzs,"Tzotzil, San Andrés Larrainzar",
tzt,"Tz’utujil, Western",
tzz,"Tzotzil, Zinacantán",
uby,Ubykh,http://dbpedia.org/resource/Ubykh_language
ude,Udihe,http://dbpedia.org/resource/Udege_language
udi,Udi,http://dbpedia.org/resource/Udi_language
udl,Wuzlam,http://dbpedia.org/resource/Wuzlam_language
udm,Udmurt,http://dbpedia.org/resource/Udmurt_language
ugn,Ugandan Sign Language,
uig,Uyghur,http://dbpedia.org/resource/Lop_language
ukr,Ukrainian,http://dbpedia.org/resource/Ukrainian_language
uks,Kaapor Sign Language,http://dbpedia.org/resource/Urub%C3%BA_Sign_Language
sah,Yakut,http://dbpedia.org/resource/Sakha_language
ulc,Ulch,http://dbpedia.org/resource/Ulch_language
uli,Ulithian,http://dbpedia.org/resource/Ulithian_language
ulk,Meriam,http://dbpedia.org/resource/Meriam_language
uma,Umatilla,http://dbpedia.org/resource/Umatilla_language
ubu,Umbu-Ungu,
umu,Munsee,http://dbpedia.org/resource/Munsee_language
ung,Ngarinyin,http://dbpedia.org/resource/Ngarinyin_language
unp,Worora,
upv,Uripiv-Wala-Rano-Atchin,http://dbpedia.org/resource/Uripiv-Wala-Rano-Atchin
ura,Urarina,
urb,Kaapor,
urd,Urdu,http://dbpedia.org/resource/Urdu
ure,Uru,
urf,Uradhi,http://dbpedia.org/resource/Uradhi_language
urh,Urhobo,
uri,Urim,
urk,Urak Lawoi',
ury,Orya,
usa,Usarufa,
ute,Ute-Southern Paiute,
uum,Urum,http://dbpedia.org/resource/Urum_language
uur,Ura,
uwa,Kuku-Uwanh,http://dbpedia.org/resource/Kugu_Uwanh
uzn,"Uzbek, Northern",http://dbpedia.org/resource/Northern_Uzbek_language
uzs,"Uzbek, Southern",http://dbpedia.org/resource/Southern_Uzbek_language
vaf,Vafsi,
vag,Vagla,
vai,Vai,
vam,Vanimo,
van,Valman,
var,Huarijío,http://dbpedia.org/resource/Guarijio_language
vas,Vasavi,
vay,Wayu,http://dbpedia.org/resource/Wayu_language
ved,Veddah,http://dbpedia.org/resource/Vedda_language
ven,Venda,http://dbpedia.org/resource/Venda_language
vep,Veps,http://dbpedia.org/resource/Veps_language
vie,Vietnamese,http://dbpedia.org/resource/Vietnamese_language
viv,Iduna,
vkt,"Malay, Tenggarong Kutai",
kge,Komering,
vma,Martuyhunira,http://dbpedia.org/resource/Martuthunira_language
vmw,Makhuwa,http://dbpedia.org/resource/Makhuwa_language
vot,Vod,http://dbpedia.org/resource/Votic_language
waa,Walla Walla,
wac,Wasco-Wishram,
wgi,Wahgi,
wls,Wallisian,http://dbpedia.org/resource/Wallisian_language
wam,Wampanoag,
wao,Wappo,http://dbpedia.org/resource/Wappo_language
wap,Wapishana,
waq,Wageman,http://dbpedia.org/resource/Wagiman
was,Washo,http://dbpedia.org/resource/Washo_language
wau,Waurá,
waw,Waiwai,
wax,Marangis,
way,Wayana,
wba,Warao,
wal,Wolaytta,http://dbpedia.org/resource/Wolaytta_language
wbj,Alagwa,http://dbpedia.org/resource/Alagwa_language
wbk,Waigali,http://dbpedia.org/resource/Waigali_language
wbl,Wakhi,http://dbpedia.org/resource/Wakhi_language
wbp,Warlpiri,http://dbpedia.org/resource/Warlpiri_language
wbv,Wajarri,http://dbpedia.org/resource/Wajarri_language
wca,Yanomámi,
wec,Wè Western,
wed,Wedau,
dsb,"Sorbian, Lower",http://dbpedia.org/resource/Lower_Sorbian_language
wem,"Gbe, Weme",
hsb,"Sorbian, Upper",http://dbpedia.org/resource/Upper_Sorbian_language
wep,Westphalien,http://dbpedia.org/resource/Westphalian_language
wer,Weri,
wgy,Warrgamay,
whg,"Wahgi, North",
wib,"Toussian, Southern",
wic,Wichita,http://dbpedia.org/resource/Wichita_language
wig,Wik-Ngathana,http://dbpedia.org/resource/Wik_Ngathan
wim,Wik-Mungkan,http://dbpedia.org/resource/Wik-Mungkan_language
win,Ho-Chunk,http://dbpedia.org/resource/Winnebago_language
wit,Wintu,http://dbpedia.org/resource/Wintu_language
wiv,Muduapa,http://dbpedia.org/resource/Vitu_language
wiw,Wirangu,http://dbpedia.org/resource/Wirangu_language
wiy,Wiyot,
wlg,Kunbarlang,
wlo,Wolio,http://dbpedia.org/resource/Wolio_language
cym,Welsh,http://dbpedia.org/resource/Welsh_language
wmb,Wambaya,http://dbpedia.org/resource/Wambaya_language
wms,Wambon,http://dbpedia.org/resource/Wambon_language
wmt,Walmajarri,http://dbpedia.org/resource/Walmajarri_language
wnc,Wantoat,
wnd,Wandarang,
wnu,Usan,
woa,Tyaraity,
wob,Wè Northern,
woe,Woleaian,
wog,Wogamusin,http://dbpedia.org/resource/Wogamusin_language
woi,Kamang,
wol,Wolof,http://dbpedia.org/resource/Wolof_language
wos,Hanga Hundi,
wrb,Warluwara,http://dbpedia.org/resource/Warluwara_language
wrg,Warungu,
wrp,Waropen,
wrr,Wardaman,http://dbpedia.org/resource/Wardaman_language
wrs,Waris,http://dbpedia.org/resource/Waris_language
war,Waray-Waray,http://dbpedia.org/resource/Waray-Waray
wrz,Waray,http://dbpedia.org/resource/Waray_language_%28Australia%29
wsa,Warembori,http://dbpedia.org/resource/Warembori_language
wsk,Waskia,
wti,Berta,http://dbpedia.org/resource/Berta_language
wuu,"Chinese, Wu",http://dbpedia.org/resource/Wu_Chinese
wya,Wyandot,http://dbpedia.org/resource/Wyandot_language
wyb,Wangaaybuwan-Ngiyambaa,http://dbpedia.org/resource/Ngiyambaa_language
wyy,"Fijian, Western",http://dbpedia.org/resource/Western_Fijian_language
xam,|Xam,
xas,Kamas,http://dbpedia.org/resource/Kamassian_language
xav,Xavánte,http://dbpedia.org/resource/Xavante_language
xer,Xerénte,
xki,Kenyan Sign Language,http://dbpedia.org/resource/Kenyan_Sign_Language
xkp,Kabatei,
skf,Sakirabiá,
xmf,Mingrelian,http://dbpedia.org/resource/Mingrelian_language
xmm,"Malay, Manado",http://dbpedia.org/resource/Manado_Malay
xok,Xokleng,
xho,Xhosa,http://dbpedia.org/resource/Xhosa_language
xra,Krahô,
xuu,Khwe,
xxk,Ke'o,
yaa,Yaminahua,
yad,Yagua,
yae,Pumé,
yaf,Yaka,
yag,Yámana,http://dbpedia.org/resource/Yaghan_language
yah,Yazgulyam,http://dbpedia.org/resource/Yazgulyam_language
yai,Yagnobi,http://dbpedia.org/resource/Yaghnobi_language
yak,Yakima,
yam,Yamba,
yao,Yao,
yaq,Yaqui,http://dbpedia.org/resource/Yaqui_language
yas,Nugunu,
ybe,"Yugur, West",http://dbpedia.org/resource/Western_Yugur_language
ycn,Yucuna,
ydd,"Yiddish, Eastern",
yee,Yimas,http://dbpedia.org/resource/Yimas_language
yer,Tarok,
yey,Yeyi,
ygr,Yagaria,
yia,Yinggarda,http://dbpedia.org/resource/Yinggarda_language
xwg,Kwegu,
yih,"Yiddish, Western",
yii,Yidiny,http://dbpedia.org/resource/Yidiny_language
yij,Yindjibarndi,
yiy,Yir Yoront,http://dbpedia.org/resource/Yir-Yoront_language
yka,Yakan,
ykg,"Yukaghir, Northern",http://dbpedia.org/resource/Northern_Yukaghir_language
yky,Yakoma,
yle,Yele,
yli,"Yali, Angguruk",
yll,Yil,
yly,Nyâlayu,
tao,Yami,http://dbpedia.org/resource/Yami_language
ynk,"Yupik, Naukan",http://dbpedia.org/resource/Naukan_language
ynn,Yana,http://dbpedia.org/resource/Yahi_language
yns,Yansi,
yok,Yokuts,
yon,Yonggom,
yor,Yoruba,http://dbpedia.org/resource/Yoruba_language
yap,Yapese,http://dbpedia.org/resource/Yapese_language
yrb,Yareba,
yrk,Nenets,http://dbpedia.org/resource/Nenets_language
ysr,"Yupik, Sirenik",http://dbpedia.org/resource/Sireniki_Eskimo_language
yss,Yessan-Mayo,
yua,"Maya, Yucatán",http://dbpedia.org/resource/Yucatec_Maya_language
yuc,Yuchi,http://dbpedia.org/resource/Yuchi_language
yuz,Yuracare,
yuf,Havasupai-Walapai-Yavapai,
yue,"Chinese, Yue",http://dbpedia.org/resource/Yue_Chinese
yui,Wajiara,
yuj,Karkar-Yuri,http://dbpedia.org/resource/Yuri_language_%28New_Guinea%29
yuk,Yuki,http://dbpedia.org/resource/Yuki_language
yul,Yulu,
yum,Quechan,http://dbpedia.org/resource/Quechan_language
yup,Yukpa,
yur,Yurok,http://dbpedia.org/resource/Yurok_language
yuu,Yugh,http://dbpedia.org/resource/Yugh_language
yux,"Yukaghir, Southern",http://dbpedia.org/resource/Southern_Yukaghir_language
yuy,"Yugur, East",http://dbpedia.org/resource/Eastern_Yugur_language
yva,Yawa,
ywr,Yawuru,
zaa,"Zapotec, Sierra de Juárez",
zab,"Zapotec, San Juan Guelavía",
zai,"Zapotec, Isthmus",http://dbpedia.org/resource/Isthmus_Zapotec
zne,Zande,http://dbpedia.org/resource/Zande_language
zav,"Zapotec, Yatzachi",
zaw,"Zapotec, Mitla",
zay,Zaysete,
zen,Zenaga,http://dbpedia.org/resource/Zenaga_language
zik,Zimakani,http://dbpedia.org/resource/Zimakani_language
zmc,Margany,
zmi,Negeri Sembilan Malay,http://dbpedia.org/resource/Negeri_Sembilan_Malay_language
zml,Madngele,http://dbpedia.org/resource/Matngele_language
zmq,Mituku,
zmr,Maranunggu,
zmt,Maringarr,
zmu,Muruwari,http://dbpedia.org/resource/Kullili_language
zoc,"Zoque, Copainalá",
zoh,"Zoque, Chimalapa",
zor,"Zoque, Rayón",
zos,"Zoque, Francisco León",
zpd,"Zapotec, Southeastern Ixtlán",
zpi,"Zapotec, Santa María Quiegolani",
zpm,"Zapotec, Mixtepec",
zpq,"Zapotec, Zoogocho",
zpz,"Zapotec, Texmelucan",
zro,Záparo,http://dbpedia.org/resource/Z%C3%A1paro
zun,Zuni,http://dbpedia.org/resource/Zuni_language
zul,Zulu,http://dbpedia.org/resource/Zulu_language
diq,Dimli,
jua,Júma,
bos,Bosnian,http://dbpedia.org/resource/Bosnian_language
hrv,Croatian,http://dbpedia.org/resource/Croatian_language
srp,Serbian,http://dbpedia.org/resource/Serbian_language
bbb,Barai,
nvm,Namiae,
dbq,Daba,http://dbpedia.org/resource/Daba_language
dkx,Mazagway,http://dbpedia.org/resource/Mazagway_language
dts,"Dogon, Toro So",
zea,Zeeuws,http://dbpedia.org/resource/Zeelandic
dba,Bangi Me,
dgo,Dogri,
xnr,Kangri,
gcf,Guadeloupean Creole French,
acf,Saint Lucian Creole French,
enf,"Enets, Forest",
enh,"Enets, Tundra",
jmc,Machame,
old,Mochi,
ogo,Khana,
tkq,Tee,http://dbpedia.org/resource/Tee_language
tyn,Kombai,
wng,Wanggom,
gmx,Magoma,
zga,Kinga,
gio,Gelao,http://dbpedia.org/resource/Gelao_language
lrc,"Luri, Northern",
plt,"Malagasy, Plateau",
bhm,Bathari,http://dbpedia.org/resource/Bathari_language
gdq,Mehri,http://dbpedia.org/resource/Mehri_language
bca,"Bai, Central",
twu,Termanu,
ycl,Lolopo,
yik,"Lalo, Dongshanba",
ywt,"Lalo, Xishanba",
axb,Abipon,http://dbpedia.org/resource/Abip%C3%B3n_language
gdb,"Gadaba, Pottangi Ollar",
iii,Nuosu,http://dbpedia.org/resource/Nuosu_language
lnj,Leningitij,http://dbpedia.org/resource/Linngithigh_dialect
rnp,Rongpo,
wwr,Warrwa,
opt,Opata,http://dbpedia.org/resource/Opata_language
zkk,,
xcw,,http://dbpedia.org/resource/Coahuilteco_language
tjm,,http://dbpedia.org/resource/Timucua_language
xch,,
xcm,,
agb,Legbo,
clh,Chilisso,
dds,Donno So Dogon,
csk,Jola-Kasa,
nll,Nihali,http://dbpedia.org/resource/Kalto_language
moj,Monzombo,
owi,Owiniga,
sub,Suku,
taq,Tamasheq,
adn,Adang,
wme,Wambule,http://dbpedia.org/resource/Wambule_language
skj,Seke,
amm,Ama,
kui,Kuikúro-Kalapálo,
mpt,Mian,
bio,Nai,http://dbpedia.org/resource/Nai_language
mxe,Mele-Fila,
psw,Port Sandwich,
eme,Emerillon,http://dbpedia.org/resource/Emerillon_language
guw,Gun,
fqs,Fas,
tvt,"Naga, Tutsa",
tee,"Tepehua, Huehuetla",
wwa,Waama,
mdw,Mbosi,
buu,Budu,
bdw,Baham,
abz,Abui,http://dbpedia.org/resource/Abui_language
ney,Neyo,
kms,Kamasau,
ajg,Aja,http://dbpedia.org/resource/Aja_language_%28Niger-Congo%29
lec,Leco,http://dbpedia.org/resource/Leco_language
lmu,Lamenu,
bdr,"Bajau, West Coast",
mcs,Mambai,
nmm,Manangba,
qum,Sipakapense,http://dbpedia.org/resource/Sipakapense_language
xns,Kanashi,
bdg,Bonggi,
vif,Vili,
zag,Zaghawa,http://dbpedia.org/resource/Zaghawa_language
wra,Warapu,http://dbpedia.org/resource/Barupu_language
kwo,Kwomtari,
kwy,"Kongo, San Salvador",
mkz,Makasae,http://dbpedia.org/resource/Makasae
kre,Panará,
wan,Wan,
kgy,Kyerung,
djm,"Dogon, Jamsay",
sen,"Sénoufo, Nanerigé",
bud,Ntcham,
rji,Raji,
ybi,Yamphu,http://dbpedia.org/resource/Yamphu_language
erk,"Efate, South",http://dbpedia.org/resource/South_Efate_language
mqf,Momuna,
ral,Ralte,
kyz,Kayabí,
ynd,Yandruwandha,
kkh,Khün,http://dbpedia.org/resource/Kh%C3%BCn_language
avi,Avikam,http://dbpedia.org/resource/Avikam_language
khg,"Tibetan, Khams",http://dbpedia.org/resource/Khams_Tibetan_language
mdm,Mayogo,
kqq,Krenak,
lic,Hlai,http://dbpedia.org/resource/Hlai_language
sid,Sidamo,http://dbpedia.org/resource/Sidamo_language
ryu,"Okinawan, Central",
tms,Tima,
xub,"Kurumba, Betta",
vnm,Vinmavis,
aoj,Mufian,
lbu,Labu,http://dbpedia.org/resource/Labu_language
hna,Mina,http://dbpedia.org/resource/Mina_language_%28Cameroon%29
duo,"Agta, Dupaninan",
mge,Mango,
urt,Urat,
cap,Chipaya,
xbi,Kombio,
huc,‡Hua,http://dbpedia.org/resource/%C7%82H%C3%B5%C3%A3_language
pmy,"Malay, Papuan",
nad,Nijadali,
bxj,Bayungu,
dhl,Dhalandji,
ggd,Gugadj,
guf,Gupapuyngu,
vka,Kariyarra,
gbb,Kaytetye,
nlr,Ngarla,http://dbpedia.org/resource/Ngarla_language
nly,Nyamal,
ump,Umpila,
wkw,Wakawaka,
wgg,Wangganguru,
wbt,Wanman,
wrm,Warumungu,
ylr,Yalarnnga,http://dbpedia.org/resource/Yalarnnga_language
nob,,
