language_id,relation,isolanguage_id
tsl,,tza
unm,,unm
kus,,kgg
buj,,nmg
taq,,nan
bam,,bam
gpz,,gsw
ktu,,ktv
ktu,,kuf
ige,,ige
bgv,,kva
krd,,kmr
bsk,,bak
bdk,,bdk
gll,,gbi
mcs,,csm
gjj,,gub
bqh,,eus
jiv,,jiv
cti,,ctd
ang,,agg
kwb,,kwe
knk,,kna
gah,,gah
tic,,tca
crj,,cbd
qia,,cng
qia,,qxs
bhu,,unr
gil,,glk
syg,,ybe
toa,,tqo
cup,,cup
war,,pav
wps,,wap
gay,,gay
nze,,nzm
ath,,aph
orw,,ssn
tsr,,trr
khw,,khw
hmb,,hub
thn,,thf
yok,,yok
nak,,nak
amz,,amu
qim,,qvi
nng,,nyj
ant,,agm
awi,,awi
bum,,tkw
abz,,abq
sah,,saj
abu,,kgr
kbi,,nkf
pag,,pgu
mhi,,mar
bnt,,bnq
ord,,mvf
sud,,tgo
tsz,,ddo
liv,,liv
brb,,bba
nub,,kcn
kom,,xom
klm,,kla
gum,,kgs
alu,,alr
mmb,,mna
lok,,lok
mbo,,mxk
cec,,cob
bik,,bhw
nga,,nio
beo,,bue
dda,,duj
nrm,,nrm
mae,,mme
aro,,aia
pnr,,pbh
alg,,alq
wah,,wgi
wah,,whg
mlc,,mcm
paa,,pqa
grr,,gbc
igs,,tbi
shs,,sht
bin,,bhg
aik,,tba
pre,,asa
ega,,ega
gud,,gde
ars,,ayn
pta,,duf
wly,,wal
lob,,lob
arx,,alu
lov,,lbo
sor,,srb
leb,,agh
usa,,wnu
tem,,kdh
kkl,,bqy
aiz,,ahp
orm,,oru
cah,,chl
pms,,pma
klp,,kyl
slb,,sbe
gba,,bar
ctt,,cta
chz,,nan
apw,,apw
ypk,,esu
nkt,,cbn
bkn,,bdu
paw,,pwa
koo,,kvv
far,,fao
vat,,dic
rlo,,rmy
mig,,mmy
ckh,,mrn
gnn,,gww
lii,,ise
tso,,tsu
mxz,,miz
nim,,nir
zso,,zul
nar,,nrb
bpa,,bwr
hya,,hay
nis,,dap
ble,,bci
bil,,blb
ktl,,kcr
bnq,,nhb
hve,,huv
khr,,khr
kaj,,bpp
lkk,,lbc
ygr,,ygr
kaz,,kaz
ayi,,any
mei,,mni
cac,,cbv
hno,,hdn
guh,,ghs
kwm,,ksq
knp,,kcd
lgp,,psr
iga,,inb
ghr,,bfu
rsu,,roh
rwe,,rmw
ori,,ras
yal,,kkl
oto,,iow
tse,,aoz
csh,,cbs
sir,,sjr
djp,,duj
bbw,,gup
cak,,ckf
plp,,nij
nap,,trg
umu,,cbd
rag,,lml
tbu,,dzg
tbu,,tuq
msk,,jle
ykp,,yup
aym,,ayc
aym,,ayr
bsm,,bis
lla,,lby
skl,,skh
bir,,bom
ksg,,ksw
ind,,ind
mru,,mhx
bae,,bae
npn,,nag
qbo,,quh
qbo,,qul
ael,,ayl
pnu,,buh
qca,,qvc
kko,,knk
kbu,,kbl
trc,,trs
bdc,,brc
lua,,nie
mli,,gcc
gir,,glj
teh,,teh
tay,,cks
swa,,swh
nen,,yrk
arn,,shu
cos,,css
cos,,cst
sak,,sku
ics,,icl
mii,,tma
chl,,cjh
poh,,pon
ymd,,jmd
tbb,,tub
zqr,,zor
soo,,str
jia,,jya
eja,,etu
ctw,,chc
ptw,,wit
kak,,kbq
ktc,,xtc
wwy,,war
anl,,apc
nmd,,smq
kuu,,kuy
baf,,bfd
nku,,kzh
klt,,kzi
myr,,mcf
occ,,oci
arp,,ape
bra,,brb
chm,,cji
syu,,sll
ntn,,ntm
kol,,kfb
kol,,nit
kma,,kay
ing,,inh
lao,,lao
kln,,kvw
kla,,klu
sed,,sed
skp,,sel
yaq,,yaq
mar,,mrc
jaq,,jqr
cha,,cha
mus,,emi
nuu,,noo
mau,,mph
mda,,mxu
wrm,,wsa
tel,,tel
tng,,ton
aji,,aji
orl,,oro
heh,,heh
ccm,,cco
noc,,njb
ths,,tsq
eip,,eip
mui,,bmr
beg,,dbj
tuv,,tyv
bnw,,bwi
hix,,hix
gon,,ggo
gon,,gno
pal,,pau
dak,,dak
sap,,spu
png,,pbr
gla,,gio
chb,,can
crg,,gui
awa,,awb
itz,,itz
lga,,ojv
dmi,,dus
hre,,hre
ann,,aoi
blg,,blw
tsp,,tam
hum,,huu
pga,,plg
cyv,,cyb
niu,,niu
kyl,,eky
bkl,,bcl
wam,,wmb
mea,,mej
tbe,,tig
djr,,ddj
kpn,,kpg
nez,,nez
chx,,clo
nse,,nse
bej,,bej
ipi,,ins
nup,,nup
dob,,kvo
aht,,aht
fij,,fij
rnd,,run
emb,,emp
kni,,kma
yba,,yam
rnn,,mnv
sub,,sbs
tmr,,tea
ham,,hmt
orb,,gax
mgk,,mhk
kuz,,mbt
bel,,byw
fum,,ffm
hnd,,hke
ygn,,yai
mov,,mzp
jah,,jhi
kkp,,kaa
bul,,bul
swt,,ssw
kgu,,ktg
ese,,ese
khl,,klj
mbz,,mtk
thk,,ths
acg,,aca
mud,,mnf
den,,dny
cul,,cul
krm,,kdr
lcr,,gcf
lcr,,acf
ets,,ets
lon,,los
chk,,ckt
iba,,iba
api,,apn
nau,,nau
mdg,,mua
mas,,mcn
npu,,npy
hok,,nan
daw,,kwa
hwc,,hwc
chs,,csy
mba,,mfc
mwa,,mpj
ice,,isl
crl,,cal
brj,,bji
gau,,bar
luy,,luy
bsh,,buf
kpe,,xpe
wir,,wiw
gid,,bdy
gso,,kal
abw,,abe
dut,,nld
tan,,tan
wol,,woe
rad,,rad
nob,,fia
pow,,pim
kit,,kii
sel,,ona
goj,,gju
slg,,suv
ntu,,yrk
cly,,clw
yes,,yss
lnd,,liy
zpi,,zpd
amn,,amn
chr,,crw
pat,,ptp
lag,,kot
squ,,squ
byu,,bdy
bri,,bzd
naa,,cld
lmp,,ljp
wet,,lex
fus,,fuc
kin,,kin
lim,,lif
may,,ayz
mxt,,miy
els,,mrf
zfl,,zos
tug,,thv
grg,,gge
ndo,,ndo
dms,,dis
luo,,luo
kkn,,knn
sti,,sti
sti,,stt
cbo,,cao
coa,,xcw
klr,,shm
bui,,bzq
coe,,crd
tsg,,tsg
kiu,,kvd
mxj,,mio
pia,,pid
dim,,dim
win,,wit
sus,,sus
blq,,bol
run,,rou
miz,,lus
ivs,,ivv
tld,,tld
cze,,ces
tkm,,tuk
tnb,,tnd
dhb,,bjy
oma,,omg
tht,,kps
mqc,,gcf
boa,,kvg
mit,,zmq
uru,,ure
eng,,eng
awp,,kwi
baq,,brg
arg,,afb
hzb,,huz
bka,,bdh
pap,,pap
ain,,ain
gbe,,gsw
tzb,,tzb
lu,,khb
amq,,amk
rap,,rap
mxa,,mib
kxo,,xuu
hmr,,amf
kch,,khq
yrt,,yui
vag,,vag
mme,,mhr
yim,,yee
snc,,see
ldn,,lld
dts,,dts
dli,,nld
ydb,,ydd
skr,,tty
bql,,eus
tap,,gpn
lui,,lui
mhk,,nux
tzt,,tzh
swr,,shh
pir,,pib
mny,,zmc
mgu,,mug
url,,urk
sna,,scl
qaf,,aar
klg,,kle
aga,,agd
dyu,,dyu
kut,,kut
son,,sov
wch,,mzh
mta,,sdo
gro,,goa
hol,,hoo
mmp,,maw
nnk,,nnk
sin,,snn
ngg,,nam
snd,,sef
mmv,,mdi
trm,,suq
dca,,dgc
agm,,njm
agm,,nri
lak,,lbe
slv,,xsl
skk,,sip
muu,,myu
bee,,beq
kda,,kfc
jam,,djd
awe,,are
rik,,rkb
kmj,,kdj
itu,,pms
fli,,fuh
nev,,ood
ark,,akr
mnc,,mnc
nbr,,gym
ria,,ran
bzi,,bvz
ada,,ads
bos,,bos
juh,,ktz
mrr,,zmt
kem,,ahg
apa,,ajp
pit,,pjt
kur,,kru
qui,,qui
wrw,,wwr
tag,,tgl
cur,,kpc
skn,,guh
irm,,gle
bnr,,nbj
mpy,,mcg
ven,,ven
emm,,amy
kug,,cmn
nyi,,nyi
sgu,,snq
cmn,,com
wlo,,wlo
wer,,wer
wiy,,wiy
mij,,mxj
cnl,,ram
cam,,kbh
gdb,,gbj
mem,,jet
kli,,lew
shh,,mcd
iwm,,iwm
had,,hts
ati,,atj
ngl,,nig
kmb,,tyn
kmb,,wng
ogb,,ogb
tmg,,tcg
mhc,,mof
beb,,bef
ksh,,kju
ysl,,ess
nke,,isi
jug,,nst
iri,,gle
gus,,guz
cme,,cjm
abd,,abi
mut,,css
snt,,set
tvo,,tat
sly,,sly
giz,,gis
giz,,giz
msh,,mah
tne,,tem
bnb,,bck
mbr,,mpk
psj,,poe
kwn,,kwn
ixi,,ixi
ixi,,ixl
nti,,niy
bso,,eus
bnd,,bza
alx,,btz
sko,,skv
fbf,,fuh
nma,,nbi
npa,,nhp
sil,,dau
bmr,,bmu
mzh,,mau
jib,,shv
arz,,hye
khu,,cnk
knb,,khd
heb,,heb
ctc,,cut
ctc,,cux
trb,,tfr
kwe,,knj
fsl,,fse
twn,,twf
niv,,niv
lsf,,fsl
goo,,gni
grw,,kal
lse,,ssp
pno,,pao
igb,,ibo
tnd,,tin
rej,,rej
ins,,ike
oi,,oyb
klb,,hbb
til,,til
hop,,hop
ibn,,ibg
ssl,,kvk
tkl,,tkm
cuu,,chk
pol,,pol
sst,,str
wrk,,gae
mab,,mde
sra,,srn
zap,,zaw
alk,,apr
gwo,,kcg
cre,,crk
guu,,kky
nyh,,nih
yav,,yuf
mbm,,mdd
cjo,,pei
obo,,ann
gut,,gux
boq,,adi
zan,,zne
tgl,,tsj
kyp,,txu
gdk,,gdb
mxl,,mim
bto,,bbc
lum,,str
gha,,deu
ngj,,nju
bas,,bas
tbw,,tap
zpr,,zro
har,,tmd
dnw,,daa
kik,,kik
bnj,,bdy
bsi,,siz
akw,,ake
xas,,kao
qhu,,qvh
mcr,,mfe
cog,,kog
bre,,bre
grp,,ksh
ktp,,zlm
sio,,xsi
zha,,jna
nhn,,ncj
mnx,,glv
lda,,lug
cla,,clm
bkd,,bkd
jrn,,jur
mxu,,mih
ysi,,ysr
plh,,plh
kui,,kxu
tep,,tpt
svk,,slk
one,,aun
ago,,aoa
lrk,,alo
cop,,cop
inu,,esi
lur,,lrc
cic,,nya
cri,,crh
drg,,dar
mrn,,mrw
kap,,kcl
myk,,zlm
nhh,,nhe
nhh,,nhw
ik,,ikx
gmw,,gvs
klh,,kls
kse,,ses
tiw,,tiw
pso,,pom
dan,,daf
uma,,ppk
tpa,,top
cab,,cjp
taw,,tbo
toj,,toj
pna,,pmf
moc,,moy
dum,,vam
xia,,nan
zaq,,zpi
sia,,snp
hat,,had
ptp,,gfk
wmu,,wim
kby,,kbp
yrc,,yuz
pba,,pia
cas,,cbr
wlw,,wrb
tac,,tna
mah,,mrj
aco,,kjq
kdg,,kuq
skm,,suk
ttb,,tat
ptt,,lae
shn,,sna
bia,,bip
bia,,brf
mns,,mns
itn,,nap
khv,,khv
mwe,,mwe
blj,,koe
als,,aes
kdz,,kzj
bkt,,bkk
shb,,sbf
goa,,guc
vla,,bvs
dhi,,div
ssa,,ssl
mtg,,moe
uyg,,uig
kuv,,kxv
mro,,mor
teo,,tio
ory,,ury
lel,,lln
oir,,xal
puk,,prk
hpd,,jup
rbu,,rmn
lep,,lep
dni,,dni
toz,,toi
xok,,xok
dhu,,dhu
lah,,lhu
zaz,,diq
bis,,bib
ndu,,nmd
hmo,,hnj
hmo,,cqd
nwd,,new
sgr,,sxn
khi,,kjj
ifm,,ifm
que,,yum
rit,,rit
tps,,stp
anj,,aty
tnn,,baz
taz,,tly
nkn,,nko
tzu,,tzj
tzu,,tzt
bqb,,eus
pis,,psa
ulc,,ulc
mil,,adi
tlp,,tpx
bem,,bmy
tak,,tbc
mac,,mbc
ald,,ald
krc,,krc
mna,,mnb
tmp,,tpm
csf,,cuc
baa,,bbb
baa,,nvm
hwr,,hac
gmz,,guk
fma,,fuc
zen,,zen
kul,,gmo
acm,,acv
wal,,van
zsq,,zab
fri,,frs
yid,,yii
mkl,,mgf
ifi,,ita
deu,,der
pkm,,pob
pkm,,poh
chc,,che
dgo,,doo
cof,,con
rsc,,roh
aea,,ale
sav,,sdg
eml,,emb
lsa,,aed
zch,,zoh
isa,,ksi
ito,,ito
aln,,alp
prh,,myp
bnk,,abb
rsm,,roh
yuw,,kld
tuk,,bhq
tuk,,khc
mdn,,mhq
dol,,dlg
sml,,sza
pil,,piv
kll,,bco
mlm,,mra
kym,,uzn
shp,,waa
shp,,yak
akr,,ari
tmc,,tjm
mch,,mcb
moe,,myv
kfy,,kir
nsk,,nsk
gdi,,god
kmh,,kgj
yms,,jnj
lrd,,lbz
dig,,mhu
lmn,,lmn
knq,,rop
rga,,rng
tbr,,tby
laa,,gdm
khg,,klr
ama,,aie
cle,,cle
yct,,yua
usl,,uks
nza,,nzk
kyn,,koy
khk,,kjh
kij,,gia
ahs,,mey
nsy,,aii
ldu,,led
ho,,hoc
hau,,hau
nca,,caq
chg,,nbc
jcr,,jam
chv,,chv
saa,,apb
bat,,bya
kgm,,kdm
kta,,kqi
cub,,cub
brn,,bds
brm,,mya
kws,,xaw
dam,,mbp
mlg,,mfi
mgg,,mjg
kls,,fla
bho,,bho
fuz,,cdo
tsn,,tso
bqn,,eus
map,,arn
nkr,,nkr
kyg,,ken
mpu,,akc
lit,,lit
bln,,byn
thw,,ssf
orc,,oac
axv,,akv
kbt,,xkp
mbl,,mdq
srr,,ser
crt,,crq
crt,,crt
mka,,mxx
olo,,ong
xer,,xer
ana,,aro
ams,,arb
tur,,tur
kna,,ktn
nhm,,ncl
wra,,wba
tmo,,bod
uld,,udl
ych,,esu
kyo,,kny
mra,,mec
tgb,,tbw
abh,,abv
pac,,pac
mwo,,mlv
kto,,ktw
csc,,cso
alb,,aln
alb,,als
fiw,,wyy
luv,,lue
rng,,ren
lno,,lad
kms,,xas
mma,,mid
eka,,ekg
pgl,,pif
gnb,,wlg
ill,,mia
arl,,apc
tim,,tih
kbw,,bwe
crp,,cbc
tew,,tew
akh,,ahk
kuk,,bfa
kab,,kbd
bqo,,eus
nel,,nee
def,,afn
mni,,mnz
kba,,kam
ghb,,guh
cve,,cjv
srm,,srm
kra,,leu
brs,,bsn
hma,,hmr
wap,,wao
bao,,peh
boi,,bzf
mup,,sur
sng,,snc
cea,,crj
cea,,crl
oro,,okv
sgs,,str
yrr,,yae
dab,,dbq
dab,,dkx
hoa,,hoa
ach,,guq
kbl,,kab
srb,,dsb
srb,,hsb
wak,,wbl
nia,,nia
kai,,kct
wn,,wig
gho,,aaa
lud,,lnd
kfe,,kfz
ksi,,puo
mkd,,kde
tri,,trc
tgn,,tzn
kek,,kek
kir,,cme
bna,,jaa
awy,,auw
rot,,rtm
yah,,yag
bru,,bru
yao,,yao
san,,sag
jmo,,bex
nom,,not
krw,,khe
cnm,,knm
awt,,kmn
kmo,,kpx
wrl,,wbp
pen,,peg
res,,rgr
sim,,smr
ccp,,coc
ise,,its
srn,,srq
mnu,,mji
fio,,kng
ben,,ben
dym,,dyi
zte,,zpz
rwa,,rwo
cma,,cbg
aus,,asf
nlu,,nrl
yaw,,yva
kio,,kio
sun,,sun
lau,,llu
laf,,laf
lmh,,slp
bku,,bri
bou,,oua
nph,,npa
wgl,,wbk
ork,,oaa
seb,,kpz
acu,,acu
plg,,pce
plg,,rbb
lsq,,fcs
bqz,,eus
way,,oym
tda,,tcx
lnw,,crc
tot,,tlc
kmu,,kjg
mtu,,meu
skw,,swv
cmk,,xch
aly,,aly
cqt,,cax
omh,,oma
ngk,,nam
brh,,brh
gar,,grt
pec,,pay
drm,,drd
laz,,lzz
gan,,apq
kpw,,kjp
kpw,,pwo
tlf,,tlf
tum,,tmq
nne,,nen
ojm,,ciw
tbt,,tti
kbr,,kys
ass,,asm
mop,,mop
agc,,agt
urm,,uum
imo,,imn
meb,,bew
bgr,,fuu
lsb,,bzs
nag,,nce
yun,,esu
lal,,ywt
tig,,tir
edo,,etr
mug,,mlp
gku,,pue
kha,,khk
koe,,xwg
blr,,bel
ard,,jbj
dng,,diz
nbb,,nmb
hem,,hem
uzb,,uzn
uzb,,uzs
klq,,kmh
ksm,,xsm
mxg,,mig
bod,,brx
tid,,tvo
ayn,,aib
tsj,,tew
jng,,kac
kho,,naq
kiw,,kiw
kiw,,kjd
gun,,yas
chq,,chq
obk,,afz
cpl,,cpa
det,,shg
rem,,bfw
sem,,nsm
bth,,bhm
duz,,zea
bok,,bqc
apu,,apu
fue,,fud
gel,,nlg
eud,,opt
tou,,tsp
tou,,wib
mou,,mgd
ong,,oon
ore,,ore
cor,,crn
irs,,isg
cnt,,yue
she,,xsr
brr,,bor
apl,,apy
plb,,pox
psm,,pqm
bau,,bbd
tol,,jic
cku,,wac
noo,,snf
inj,,ind
mle,,mdy
mtt,,wam
mhm,,mhe
lug,,lgg
gwe,,wep
uhi,,urf
mmn,,mmn
bag,,bmi
aze,,azb
aze,,azj
grs,,gyb
amc,,amc
epe,,sja
dgx,,ing
kkb,,xon
ngy,,nbj
ano,,nun
kmp,,kup
kow,,kst
djm,,djr
stl,,sat
jem,,tow
dhm,,dhi
ckl,,chh
cyg,,cay
akc,,aci
rny,,nyn
dok,,ngc
oji,,ojg
rtk,,roo
kyq,,noo
ngz,,ngi
knm,,kun
did,,did
ara,,arw
lez,,lez
dua,,dua
gap,,pwg
atq,,ems
yli,,yli
kot,,kfe
bfi,,ksf
bnn,,bcm
umb,,umb
dul,,duu
pny,,pnw
but,,bxm
tiv,,tiv
gam,,gmo
pla,,gob
tce,,tar
wur,,wau
buw,,bum
bug,,bug
idu,,clk
mdb,,mwd
hup,,hup
tpn,,ntp
urn,,ura
jab,,jae
gul,,glu
mao,,mri
mly,,zsm
kzy,,kpv
ma,,msj
mwl,,lmw
ktb,,ktu
sro,,ssd
lha,,lha
lat,,lav
hdi,,xed
mel,,mel
luc,,lch
psl,,psd
duk,,dud
kgz,,kir
tzs,,tzs
mtb,,mgw
kss,,kss
mam,,mvc
kos,,kos
raw,,raw
hrs,,hss
foe,,foi
nde,,nnb
ifu,,ifb
mey,,mcr
adt,,ady
oko,,ort
mwb,,mbb
myo,,mfy
pui,,pui
svs,,svs
tgr,,tig
bgg,,bgz
cht,,cya
tsi,,tsi
bud,,bdm
mcg,,mbn
ydl,,ydd
cga,,old
kie,,geb
cyn,,chy
hhu,,wos
mdl,,zml
iau,,tmu
sry,,fos
ird,,gle
ses,,sot
ywl,,yok
nue,,nus
trd,,sda
sgl,,szg
urd,,urd
tet,,tll
akn,,aka
osa,,osa
lch,,lbt
kic,,kic
lav,,lvk
cil,,lua
tnl,,taa
bsl,,bfi
kou,,bkm
tbo,,tbl
neh,,nsn
lmb,,lam
ung,,ung
dbr,,nld
ger,,deu
dri,,prs
bet,,bev
bac,,wdj
sva,,sva
scs,,sma
moh,,moh
nok,,nog
mua,,vmw
bob,,bni
kau,,pss
asy,,apc
abi,,axb
psv,,pbf
tpc,,tep
tab,,mky
arb,,arl
koa,,cku
ndg,,ndz
trr,,tbg
egn,,enn
mja,,mxt
kef,,kbr
udh,,ude
mco,,mco
gdl,,gcf
tnc,,tcb
tmk,,tmc
izh,,izh
mad,,mhi
fni,,fuv
nhc,,nhn
lew,,lww
tau,,tya
kga,,zga
wuc,,wuu
neg,,neg
tho,,thp
pop,,pbe
tmu,,ttt
wnt,,wnc
hia,,cbd
mur,,muz
tns,,nwi
bal,,ban
anc,,anc
adk,,ano
ddf,,daj
naf,,nfr
cho,,chd
mom,,mso
hnn,,hnn
ktk,,aal
dag,,dgz
wsk,,wsk
lux,,ltz
otr,,otr
sue,,sue
bad,,bde
lje,,law
zai,,zai
tni,,lbf
kei,,kei
pnn,,pag
ras,,ras
pot,,pot
grm,,gux
qay,,quy
dug,,gwd
fgu,,fuf
nai,,gld
wbn,,wms
dah,,dal
aul,,aul
nkb,,ngk
ktn,,xte
sam,,smo
tgo,,tsv
ror,,rro
kgi,,cou
pra,,prn
thd,,tcz
ful,,fun
bla,,bla
ika,,arh
tor,,rth
auy,,auy
bid,,bid
kag,,kge
yko,,yux
zzo,,zpq
ame,,aey
abb,,shu
yar,,yrb
gwa,,gbr
gwa,,gby
anx,,ani
mbt,,mdj
msy,,mrd
tow,,wib
god,,gdo
yi,,iii
bkr,,btx
mnv,,mvn
sum,,sum
sta,,sce
mrs,,zrs
gno,,gvc
dhw,,tbh
cay,,cbi
bon,,bpu
len,,tnl
zaj,,zaa
iva,,ivv
wlf,,wol
yin,,yij
mgl,,xmf
ser,,sei
lns,,lns
rbg,,rmo
ron,,cla
wan,,nbx
sdh,,snd
tze,,tzb
tze,,tzh
rsh,,sgh
nsg,,ncg
ale,,ale
mwn,,nsq
ita,,ita
akb,,abj
mts,,mpq
mca,,mca
bec,,ctg
din,,dip
kre,,krs
nyk,,tpq
kwa,,kwd
iaa,,iai
thu,,tdh
tvl,,tvl
itw,,itv
ttn,,tet
smd,,sdm
gto,,gta
xav,,xav
mdo,,gmm
tbl,,tnm
her,,her
gsl,,gss
kgr,,kki
tus,,tus
nyr,,nna
ggu,,gnr
mrq,,mrq
mrq,,mqm
bno,,bao
sis,,baa
bfd,,bif
arm,,hye
brz,,bvq
yul,,yul
tsf,,cof
meh,,gdq
smt,,uma
bya,,bee
yey,,yey
pro,,oci
abe,,apc
lho,,lhm
isi,,srl
qan,,qxa
let,,lti
kor,,kor
msl,,mls
mxm,,mig
rsl,,rsl
ksu,,csb
sho,,shh
koy,,kff
tbs,,tab
cch,,coz
for,,for
mmw,,mgr
mxy,,mpm
hnk,,gin
bvi,,bbn
bvi,,wiv
bur,,bsk
mkg,,mnk
saw,,hvn
ber,,wti
mto,,kmj
tao,,tro
mbi,,baw
prd,,pci
dhr,,dhr
kum,,kfy
nor,,nob
kyr,,yuj
rru,,nyo
mrh,,mfr
rka,,rmy
adi,,adj
kjn,,kjn
oku,,oku
mpa,,mwf
sle,,ndi
nua,,nni
nua,,nxl
brf,,rif
gbl,,deu
yny,,jao
xar,,ane
tat,,txx
ktz,,bsh
mku,,zmr
gcy,,ell
tja,,dih
bro,,tcs
sal,,sln
cso,,ctp
lkt,,lkt
moj,,mov
alt,,gsw
ksa,,kee
chy,,cbt
ceb,,ceb
mtp,,mto
ymi,,tao
ksp,,kia
awk,,png
wrn,,wnd
sec,,sey
mcv,,moc
jum,,jua
msg,,mrg
mgo,,lol
sru,,slu
mdk,,mnk
zhn,,zgb
so,,teu
kat,,kmg
swi,,szw
mnr,,mdr
kyk,,kyc
bii,,bzr
ren,,rel
xun,,knw
usr,,usa
nas,,nas
jur,,juc
jeh,,jeh
hak,,hak
adn,,adt
wrd,,wrr
mrw,,zmu
ute,,ute
twe,,tac
com,,swb
bdm,,bia
mxp,,mil
olu,,plo
ewa,,ewe
rum,,klq
ckr,,ram
ckr,,xra
acn,,acn
sss,,str
bbm,,ptu
any,,anu
pau,,pad
otm,,ote
snn,,snk
kac,,xac
mek,,skf
don,,doc
don,,kmc
ngt,,nmf
ipk,,pks
oka,,oka
srl,,dsb
tah,,tah
fur,,fvr
gos,,gsw
tir,,tri
gbk,,gya
kal,,gwc
bar,,bfa
tza,,tzh
pur,,tsz
csl,,csl
kdw,,kbc
gae,,gla
nvs,,niv
wya,,wya
itg,,lij
kpm,,pam
jar,,jar
tub,,tbu
pak,,pkn
bqr,,eus
lin,,lin
baw,,bgr
gmb,,gum
uby,,uby
eno,,eno
urk,,urb
una,,mtg
sps,,slh
mce,,bzj
knd,,kan
cai,,suq
ykn,,yka
dgi,,dgo
dgi,,xnr
eya,,eya
was,,was
pte,,pck
stn,,nso
sha,,shn
mse,,umu
yqy,,jaq
mie,,ium
gal,,adi
abn,,ard
aba,,aau
chu,,cag
sul,,sua
ret,,tnc
jin,,jiu
jin,,jiy
mks,,mak
blz,,bjt
blz,,ble
mzc,,maq
mav,,mbw
gtg,,gsw
kkw,,zkk
oca,,oca
mal,,plt
prc,,pab
daa,,kzf
cum,,ncu
ats,,atw
pin,,piu
mjk,,mfv
tui,,tsm
gim,,bcq
mog,,mhj
mth,,mxp
yna,,ynk
tgw,,txn
kis,,kqs
kis,,kss
lmg,,hia
agh,,agq
apt,,apt
mge,,mng
ape,,apz
new,,new
som,,som
thp,,typ
cld,,cld
cln,,cht
kaw,,kgk
ykt,,sah
akm,,mhv
mko,,moz
osm,,otq
moa,,mte
htc,,hsf
ash,,ady
klz,,kck
bch,,shy
myi,,mpc
ugs,,ugn
mkz,,mcp
ood,,ood
woi,,woi
tpr,,tui
kte,,kcv
nzs,,nzs
khm,,khm
chw,,cja
per,,pip
tla,,ksd
yzv,,kpv
bdg,,bfq
pad,,pdo
yaz,,yah
see,,trv
mnk,,emk
kky,,kne
oks,,opm
ibi,,ibb
ngb,,nga
thy,,thd
rmc,,roh
yug,,yuu
mri,,mok
mum,,mzm
hai,,hdn
hai,,hax
lad,,lbj
iir,,pmy
ker,,ker
arc,,aqc
avo,,avu
dre,,dhv
inr,,ikt
lam,,lme
ojs,,ojs
efi,,efi
mnt,,mwv
mlk,,mpb
nbh,,ghl
nnn,,nuv
ndy,,djk
lot,,njh
tin,,cir
krq,,krk
hal,,hla
qch,,quc
moo,,mos
mic,,mic
nad,,mbj
gji,,gue
arq,,acm
mgd,,mog
kya,,gvn
tgh,,thv
onn,,ono
tob,,tob
nus,,nuf
rus,,rus
nbk,,stc
knw,,mjd
yem,,ybb
cin,,inz
ssh,,bwo
amb,,abt
krt,,kpt
cpn,,cdm
jad,,bod
tke,,tkl
trg,,tew
dbd,,dav
sou,,hsb
bry,,byr
nto,,nto
sba,,slc
spc,,spa
nbe,,ngc
sbg,,sse
fno,,frr
aar,,aiw
lun,,nst
iqu,,iqu
bgl,,sab
ram,,rma
rom,,ron
wau,,noa
bol,,bli
bhn,,bjh
src,,srs
djn,,dji
tzi,,tss
lge,,nds
dar,,dry
pip,,ppl
myn,,mhy
bqi,,eus
put,,ute
kiq,,xal
blx,,bll
fea,,frs
yil,,yll
sar,,dju
pan,,pan
sri,,sri
man,,mev
grk,,ell
nif,,num
irx,,irn
nan,,kln
prt,,pir
qcu,,quz
kmk,,xal
akk,,akx
glc,,glg
arw,,hye
big,,yul
dmk,,dmk
dat,,tcc
guj,,guj
kkz,,kex
grn,,gur
ga,,gaa
ess,,esq
agr,,agr
wic,,wic
est,,est
amd,,adx
tut,,ttm
tru,,tpy
pcm,,poc
snm,,xsu
hin,,hin
mir,,mep
bgo,,bot
pdp,,ppo
die,,dih
keo,,xxk
miy,,mkf
zim,,zik
wry,,wrz
ono,,ons
yta,,nog
pod,,pbi
irr,,irh
mrt,,vma
svc,,csb
wik,,yok
pai,,pwn
nya,,nyt
kan,,ogo
msn,,mbq
nro,,nhr
maz,,maz
maz,,mmc
mss,,skd
yak,,yaf
tha,,tha
aka,,axk
kon,,kng
mor,,mhz
mol,,ron
zqs,,poi
nnc,,ncb
nnm,,tvl
kkt,,kkk
nyg,,nyp
ewo,,ewo
mcn,,myy
krl,,krl
kam,,xbr
mkb,,csi
wtm,,wax
ykm,,yky
goe,,ank
atk,,aqp
mdz,,mda
izi,,izi
cwe,,col
npi,,pcm
ywr,,ywr
mjc,,mjc
nsn,,nsz
koh,,bcs
zun,,zun
tam,,taj
tam,,tge
apj,,apj
mot,,siw
azi,,azb
sup,,spp
bni,,bin
ace,,ace
jom,,tlo
cpw,,ciw
knn,,kfk
kmt,,kmt
mga,,ndt
lar,,lrg
nit,,noo
ayr,,ayo
ngi,,wyb
sui,,swi
lng,,leg
jva,,kpj
kay,,gyd
ksr,,kje
mer,,ulk
sea,,tvk
amu,,ame
shw,,sjw
tas,,shi
jlu,,lwo
gln,,gvf
tnk,,lcm
mik,,mjw
hmu,,hux
ots,,otm
tki,,bag
lus,,lut
doy,,dow
sgb,,mnx
qta,,qvn
amh,,amh
spa,,spa
urh,,urh
gvi,,bar
bma,,tzm
tuc,,tuo
tif,,tif
mxc,,mig
alw,,alh
cav,,cav
bbf,,bbo
bbf,,bwq
ylb,,mpj
mbg,,mhd
obg,,ogu
ngw,,nxn
kwk,,kwk
gml,,kld
mno,,mnr
atc,,upv
arh,,acw
gre,,kal
abo,,arv
bit,,bth
kpo,,kpo
ilo,,ilo
pae,,pbb
nic,,ncb
bez,,kap
tgp,,swt
knu,,kyx
cax,,cni
maa,,mas
tny,,kza
bgs,,bsp
col,,cti
col,,ctu
ppc,,pio
trn,,ter
crn,,cor
krh,,xra
hui,,hch
ite,,itl
ast,,ast
kly,,mwp
au,,avt
aso,,alt
sol,,evn
sab,,snv
mym,,mal
krk,,kyh
ked,,ksx
wmn,,wem
spi,,bod
ylm,,jel
ldo,,bdu
zqc,,zoc
msc,,chb
ond,,one
max,,mbl
chn,,chx
vas,,vas
tlb,,nog
mdu,,muh
sob,,sob
ura,,uur
wlm,,wmt
kry,,kpy
kuo,,kto
iql,,ike
abk,,abk
por,,por
agw,,wbj
yap,,yap
krf,,kpr
txj,,too
nsz,,azz
tmn,,teq
ala,,amp
kea,,kjb
tgk,,tgc
kzh,,doc
nnd,,anh
bse,,tzm
tts,,tks
tsa,,tkr
mde,,men
kgl,,ubu
isn,,isd
jpn,,jpn
ctm,,ctm
shm,,ksb
hlp,,yuf
emc,,cmi
bys,,bsw
spo,,spo
diz,,mdx
kje,,coe
fua,,fub
bbl,,bvx
tua,,pmt
bus,,bqp
kku,,kfq
wrg,,wgy
dio,,dyo
mke,,mek
ton,,tqw
wat,,wbv
asl,,ase
tno,,tdn
krg,,sna
cad,,cad
smn,,mus
nyn,,nyh
che,,chr
sod,,gru
nge,,nge
bim,,bhp
dun,,duc
afr,,afr
bki,,bkq
der,,kbv
rgn,,rog
vaf,,vaf
svt,,swl
pme,,peb
des,,des
nal,,nal
mcd,,mkd
brw,,brv
aho,,arp
agu,,agu
hmd,,mww
fut,,fut
klw,,klb
mbu,,mle
lai,,cnh
grf,,cab
gug,,ktd
naj,,aij
kim,,kig
abm,,akz
tws,,tix
nkk,,nck
ydd,,ydd
ydd,,yih
gdf,,gdf
gua,,gug
kun,,kvn
cml,,rab
gor,,gow
asm,,tml
nat,,ncz
taf,,sps
htt,,hto
bjs,,ssb
jrw,,anq
mrc,,rnp
xam,,xam
prk,,prx
mon,,mnw
omi,,aom
nyl,,yly
rav,,rmn
tye,,woa
sht,,shj
bab,,bav
car,,car
krr,,kxa
can,,cbu
tai,,thv
gna,,gva
bmz,,mzb
nin,,niz
tib,,bod
mlu,,mgl
ata,,tay
kas,,kas
pri,,pre
ytu,,ykg
aci,,acc
aci,,acr
shk,,shp
jun,,jun
wao,,auc
awd,,awa
xho,,xho
sno,,sme
adz,,adz
boz,,boz
aml,,omb
tun,,tun
rov,,rug
crh,,cje
lma,,lom
muy,,myw
kpa,,kpk
coo,,csz
cpa,,cjo
pkt,,pko
fox,,sac
wob,,wob
cck,,cic
mmz,,mms
ndj,,djj
coc,,cod
hei,,hei
dja,,dyy
agl,,agx
yus,,ess
chp,,chp
mnd,,cmn
ayw,,nfl
mlt,,mlt
nnt,,nnt
cui,,cui
pkn,,drl
mos,,cas
buk,,bxk
bsq,,eus
amk,,amr
tmm,,mla
msm,,msu
dsh,,dan
tpt,,tpj
uli,,uli
ebi,,igb
dji,,jig
hay,,vay
tst,,huq
plk,,plu
kob,,kpw
kmr,,kgq
kao,,kyj
ruk,,dru
nhx,,ngu
mag,,mgp
grj,,var
sug,,sjg
cte,,cnt
par,,lkr
kel,,sbc
mpo,,mye
tpi,,tpi
wgu,,wrg
kty,,kca
ngo,,ngo
nep,,nep
mof,,mif
say,,pos
gbc,,pov
bng,,byx
bun,,buo
yuk,,gcd
bub,,bvb
nmb,,nab
fon,,fon
gbb,,gbp
ani,,hnh
hil,,hil
sik,,ski
hba,,heb
gma,,deu
yuc,,yuc
tnt,,tnt
fye,,pym
slr,,slr
fef,,fmp
ngd,,nxg
wyn,,way
tuy,,tue
mmo,,mdf
kth,,gwi
agt,,lnj
eny,,gey
brk,,bkl
ixc,,ixc
ewe,,ewe
uzn,,uzn
brc,,brn
hcr,,hat
mng,,mqy
swv,,swe
mtk,,mjk
bqg,,eus
bpb,,bdq
gti,,deu
dma,,dma
kgt,,ikt
slo,,slv
kwo,,kmo
frw,,fry
mya,,slz
dha,,dsh
biu,,bzi
biu,,lwm
ao,,njo
poc,,poa
tec,,ttc
wog,,wog
rti,,twu
lye,,lee
ngr,,nay
boj,,adi
atb,,atq
non,,nhu
cmy,,chf
zno,,zul
ycn,,ycn
llm,,lef
cmh,,ute
les,,les
nyu,,nyv
sdw,,sad
muo,,mtq
deg,,deg
lac,,lac
kmi,,kcu
zya,,zav
ned,,dse
min,,min
pog,,poy
wai,,waw
gnd,,gqa
amx,,imi
soq,,sqt
mak,,myh
acl,,ach
pam,,pbs
ndi,,nbw
ndi,,ngb
hlb,,hlb
tex,,kmz
hua,,ygr
gog,,ggw
swe,,swe
avt,,avn
blc,,bgp
yur,,yur
loz,,loz
ttu,,bbl
crq,,crx
hrr,,har
bnm,,bjr
scr,,hrv
scr,,srp
scr,,bos
ter,,ttr
ocu,,ocu
dga,,dga
bga,,bng
mgn,,mdh
pmc,,poo
yay,,pcc
ami,,ami
yng,,yia
zay,,zay
tba,,sst
nab,,naf
udm,,udm
nam,,nnm
kji,,kmr
buy,,bwu
blu,,lua
sey,,crs
mbe,,mdt
psh,,pst
ctl,,cat
nug,,nuy
ban,,bcw
pun,,wdj
qco,,quh
yan,,ynn
nog,,nog
siu,,sis
dgr,,dta
dbw,,daf
twx,,kmz
tzz,,tzz
kro,,kgo
shl,,shk
tal,,tlj
cua,,cua
kaa,,arr
ava,,ava
slp,,spl
toq,,mlu
yor,,yor
pok,,rwa
nax,,nbf
kti,,yon
bqs,,eus
lan,,laj
kuq,,kum
bmb,,bim
lgt,,log
kmw,,xmu
tar,,tae
nmi,,nhx
yir,,yiy
rim,,rim
mmu,,zmi
mne,,nmu
nju,,nys
tod,,sbu
gfr,,gcr
rnr,,rml
cro,,cro
coi,,caa
gok,,gkn
gds,,gaj
ynm,,wca
mis,,miq
suk,,sui
mrg,,mrt
pum,,pmi
pum,,pmj
kkv,,khl
kkv,,kvc
zam,,zpm
wrs,,wrs
gzu,,gsw
ari,,laz
evn,,eve
mkr,,msy
hid,,hid
kbo,,kbx
amp,,aer
grb,,gry
awn,,awn
eve,,evn
biq,,bps
biq,,smk
ahu,,ahh
nte,,nsl
kil,,lub
cct,,cho
mun,,unr
iwa,,ibd
mid,,mei
ina,,szp
ten,,tex
tna,,tuv
haw,,haw
oss,,oss
bmn,,bax
kok,,trp
jeb,,jeb
gny,,gyy
mdr,,mad
vot,,vot
ngu,,llp
sao,,ssy
aja,,aja
ppi,,pit
chj,,cac
chj,,cnm
cem,,cam
day,,dai
tof,,kim
ygd,,dur
gol,,gol
mhu,,lnb
lil,,lil
gyb,,guo
mwc,,mke
mgi,,mgu
cat,,cto
dom,,rmt
nuk,,mbr
hsl,,has
ngm,,sba
hun,,hun
kar,,kah
pmn,,pej
mrl,,mur
asu,,asu
mms,,mqj
cya,,ctp
bor,,boa
wnb,,win
jmm,,jaa
mzn,,mzn
chi,,cid
lgi,,lag
nah,,nll
xoo,,nmn
vai,,vai
tll,,tuh
lml,,lmc
mti,,mot
apc,,apm
baj,,bdl
leg,,lea
leg,,lgm
iss,,isr
kri,,kzw
sur,,sgz
shd,,sdp
mai,,mai
kkr,,kiy
gdr,,gid
mla,,mcu
mla,,mzk
nun,,nut
kng,,kgp
brl,,loy
lis,,lis
gad,,ged
chd,,cdn
crk,,mus
smj,,sea
maj,,mpe
ena,,enq
poa,,fwa
uku,,kuu
wma,,mqs
blt,,bft
nih,,jsl
bco,,blc
amr,,ary
plr,,fap
dyi,,dbl
wor,,unp
grt,,gor
iha,,ihp
tlo,,tlb
kmn,,kue
kjo,,kjc
mok,,mkj
arr,,aer
arr,,are
wll,,wls
vie,,vie
irq,,irk
ksl,,xki
pem,,aoc
mds,,xmm
bak,,bkc
tes,,teo
tma,,tma
wrp,,wrp
dgb,,dag
tsh,,par
ido,,idu
jpr,,jru
pwn,,paw
tls,,tly
tli,,tli
tmi,,tat
ady,,ady
ski,,sjd
sre,,kpm
orh,,hae
kjr,,kqy
jak,,jac
jak,,jai
ila,,ilb
hyo,,csh
ynk,,kdd
shr,,cjs
olm,,nij
taj,,tgk
jbt,,jbt
jwr,,jaa
sto,,sto
wed,,wed
bhi,,bhb
apk,,apq
mul,,mlm
dge,,gsg
mxo,,mie
ndt,,ndv
lgu,,lgu
try,,tiy
bwa,,bdy
aeg,,arz
hmi,,hto
anu,,cko
mrk,,mtf
ijo,,ijc
shu,,shs
oix,,otz
phl,,pww
ish,,sgl
twa,,twa
ylt,,ydd
koi,,kbk
udi,,udi
tks,,kkw
gag,,gag
gur,,ggn
gur,,gvr
yam,,yaa
dou,,tds
nbd,,kzh
tga,,tgg
hav,,yuf
bca,,bdy
mnm,,mva
juk,,jbu
diy,,dif
knr,,knc
ved,,ved
amo,,amo
sen,,seh
snh,,sin
git,,git
ene,,enf
ene,,enh
fin,,fin
yag,,yad
blk,,blz
atu,,aeb
kod,,kfa
tul,,tcy
tzo,,tzc
rao,,rao
tnj,,tfn
nym,,nym
iat,,ian
chh,,sgw
eko,,eko
cba,,boi
tis,,bod
han,,hni
sge,,sop
tml,,tam
knc,,uwa
uri,,uri
trt,,tft
kad,,xtc
mrd,,mrz
tok,,yer
bai,,bca
zar,,dje
ket,,ket
zqo,,zoc
atm,,kuz
ign,,ign
gue,,gxx
gue,,wec
bbu,,brm
glp,,dhg
krz,,kry
klv,,kij
gav,,gvo
frd,,frd
prs,,pes
shi,,shb
cvc,,cbk
ndb,,nbl
gth,,deu
mcf,,crg
geo,,kat
buu,,mhs
qec,,qug
err,,erg
mtl,,mvb
cmx,,coo
ukr,,ukr
kwr,,tnk
ora,,ema
mki,,mik
nht,,nhg
wag,,waq
dad,,mps
men,,mez
jav,,jav
ntj,,ntj
ane,,anz
cap,,kaq
bgi,,bgq
sch,,str
krn,,kqz
yei,,jei
tik,,tik
maw,,mlq
kew,,kew
kew,,kjs
mnj,,mpj
tte,,tta
nav,,nav
pul,,puw
krj,,gbd
ngn,,nid
zul,,zul
muh,,sgw
all,,nrz
khs,,kha
fre,,fra
vep,,vep
ako,,acy
cde,,mch
fas,,faa
klk,,xuo
lbu,,lun
mwp,,pmw
yki,,yuk
fgo,,fub
brd,,bcj
wel,,cym
bnl,,bjb
nko,,cgg
itb,,eml
mxs,,mks
oya,,ori
akl,,akl
krb,,gil
hln,,hal
trw,,trw
kuy,,vkt
idn,,viv
shy,,yuy
rut,,rut
arv,,ajp
qaw,,alc
cmr,,mrh
mby,,myb
mll,,mbe
cmc,,xcm
kop,,koi
mee,,mym
sme,,sif
tos,,tos
sae,,skb
bsr,,bsc
sla,,scs
sla,,xsl
gaa,,gbu
mkn,,knf
mgh,,mag
lou,,loj
btk,,bnc
tsw,,tsn
tty,,tav
gmt,,gnn
nbo,,now
kae,,tbd
bua,,bvr
rmb,,rmb
ken,,kyq
owc,,gaz
iso,,iso
yns,,yns
srd,,sro
yel,,yle
hli,,hur
hlu,,hur
dds,,dds
bly,,nad
bxj,,bxj
dhl,,dhl
ggd,,ggd
guf,,guf
vka,,vka
kyt,,gbb
lnj,,lnj
mrj,,nju
nlr,,nlr
nly,,nly
ump,,ump
wkw,,wkw
wgg,,wgg
wbt,,wbt
wru,,wrm
ylr,,ylr
agb,,agb
wec,,cym
huc,,huc
tia,,tms
wna,,wan
ddj,isDialectOf,god
ney,,ney
jms,,djm
nrg,,sen
wwa,,wwa
ncm,,bud
xsm,,xsm
mmi,,mcs
myg,,mdm
mnz,,moj
ajg,,ajg
guw,,guw
avk,,avi
mkq,isDialectOf,nge
mdw,,mdw
bdu,,buu
vif,,vif
kwy,,kwy
sku,,sub
bgm,,dba
zag,,zag
mgq,,mge
tsk,,taq
hna,,hna
sid,,sid
arj,,afb
ryu,,ryu
bkb,,xub
rji,,rji
nmm,,nmm
tbx,isDialectOf,skj
tdi,isDialectOf,bod
tdr,isDialectOf,bod
kgy,,kgy
amt,isDialectOf,adx
shg,isDialectOf,bod
rpa,isDialectOf,bod
knz,isDialectOf,khg
khd,isDialectOf,khg
xns,,xns
wme,,wme
ybi,,ybi
gyc,isDialectOf,jya
rgc,isDialectOf,jya
tvt,,tvt
ral,,ral
mhl,isDialectOf,mrg
lic,,lic
khn,,kkh
agd,,duo
bgz,,bdg
bwc,,bdr
ttd,,tet
lab,,lbu
vnm,,vnm
psw,,psw
lmu,,lmu
erk,,erk
ndr,isDialectOf,fij
mxe,,mxe
mqf,,mqf
mpt,,mpt
mkj,,mkz
abv,,abz
adg,,adn
bdw,,bdw
dlm,isDialectOf,kbv
brp,isDialectOf,wra
fqs,,fqs
kwt,,kwo
bio,,bio
amm,,amm
owi,,owi
urt,,urt
xbi,,xbi
aoj,,aoj
kmz,,kms
inn,isDialectOf,ynd
msq,isDialectOf,hur
tee,,tee
qum,,qum
lec,,lec
cln,,clh
eme,,eme
kyz,,kyz
cpy,,cap
kkq,,kui
pnx,,kre
kqq,,kqq
csk,,csk
