ID,Name,Description,Contributor,Citation,wp_slug,Number,Area_ID,Source,Contributor_ID,With_Contributor_ID
s1,Introduction,,"Bernard Comrie, Matthew S. Dryer, David Gil, Martin Haspelmath","Bernard Comrie, Matthew S. Dryer, David Gil, Martin Haspelmath. 2013. Introduction. In: Dryer, Matthew S. & Haspelmath, Martin (eds.) 2013. The World Atlas of Language Structures Online. Leipzig: Max Planck Institute for Evolutionary Anthropology. (Available online at https://wals.info/chapter/0)",,0,,Moseley-and-Asher-1994 Asher-and-Moseley-2007 Lewis-2009 Foley-2000 Schmidt-1926 Grimes-2000 Goddard-1996 Bradley-1997 Tindale-1974,comrieb dryerms gild haspelmathm,
1,Consonant Inventories,,Ian Maddieson,"Ian Maddieson. 2013. Consonant Inventories. In: Dryer, Matthew S. & Haspelmath, Martin (eds.) 2013. The World Atlas of Language Structures Online. Leipzig: Max Planck Institute for Evolutionary Anthropology. (Available online at https://wals.info/chapter/1)",consonant-inventories,1,1,Louw-1975 Lindblom-and-Maddieson-1988,maddiesoni,
2,Vowel Quality Inventories,,Ian Maddieson,"Ian Maddieson. 2013. Vowel Quality Inventories. In: Dryer, Matthew S. & Haspelmath, Martin (eds.) 2013. The World Atlas of Language Structures Online. Leipzig: Max Planck Institute for Evolutionary Anthropology. (Available online at https://wals.info/chapter/2)",vowel-quality-inventories,2,1,,maddiesoni,
3,Consonant-Vowel Ratio,,Ian Maddieson,"Ian Maddieson. 2013. Consonant-Vowel Ratio. In: Dryer, Matthew S. & Haspelmath, Martin (eds.) 2013. The World Atlas of Language Structures Online. Leipzig: Max Planck Institute for Evolutionary Anthropology. (Available online at https://wals.info/chapter/3)",consonant-vowel-ratio,3,1,,maddiesoni,
4,Voicing in Plosives and Fricatives,,Ian Maddieson,"Ian Maddieson. 2013. Voicing in Plosives and Fricatives. In: Dryer, Matthew S. & Haspelmath, Martin (eds.) 2013. The World Atlas of Language Structures Online. Leipzig: Max Planck Institute for Evolutionary Anthropology. (Available online at https://wals.info/chapter/4)",voicing-in-plosives-and-fricatives,4,1,,maddiesoni,
5,Voicing and Gaps in Plosive Systems,,Ian Maddieson,"Ian Maddieson. 2013. Voicing and Gaps in Plosive Systems. In: Dryer, Matthew S. & Haspelmath, Martin (eds.) 2013. The World Atlas of Language Structures Online. Leipzig: Max Planck Institute for Evolutionary Anthropology. (Available online at https://wals.info/chapter/5)",voicing-and-gaps-in-plosive-systems,5,1,Ohala-1983b,maddiesoni,
6,Uvular Consonants,,Ian Maddieson,"Ian Maddieson. 2013. Uvular Consonants. In: Dryer, Matthew S. & Haspelmath, Martin (eds.) 2013. The World Atlas of Language Structures Online. Leipzig: Max Planck Institute for Evolutionary Anthropology. (Available online at https://wals.info/chapter/6)",uvular-consonants,6,1,Maddieson-et-al-2001 Rischel-1974,maddiesoni,
7,Glottalized Consonants,,Ian Maddieson,"Ian Maddieson. 2013. Glottalized Consonants. In: Dryer, Matthew S. & Haspelmath, Martin (eds.) 2013. The World Atlas of Language Structures Online. Leipzig: Max Planck Institute for Evolutionary Anthropology. (Available online at https://wals.info/chapter/7)",glottalized-consonants,7,1,,maddiesoni,
8,Lateral Consonants,,Ian Maddieson,"Ian Maddieson. 2013. Lateral Consonants. In: Dryer, Matthew S. & Haspelmath, Martin (eds.) 2013. The World Atlas of Language Structures Online. Leipzig: Max Planck Institute for Evolutionary Anthropology. (Available online at https://wals.info/chapter/8)",lateral-consonants,8,1,,maddiesoni,
9,The Velar Nasal,,Gregory D.S. Anderson,"Gregory D.S. Anderson. 2013. The Velar Nasal. In: Dryer, Matthew S. & Haspelmath, Martin (eds.) 2013. The World Atlas of Language Structures Online. Leipzig: Max Planck Institute for Evolutionary Anthropology. (Available online at https://wals.info/chapter/9)",the-velar-nasal,9,1,Johnson-and-Madan-1991 Anderson-2003a Anderson-2003b Terescenko-1966a Skorik-1986 Volodin-1997 Gruzdeva-1998 Ubrjatova-1985 Nikolaeva-and-Xelimskij-1997 Novikova-1997 Cincius-1975 Lyman-1979 Bromley-1961 Li-and-Thompson-1981 Vaxtin-1997 Dixon-1988 McGregor-1990 Carlson-1994 Decsy-1966 Breen-1981 Shell-1952 Solnit-1997 Foley-1991 Lang-1973 Jacobson-1995 Bright-1965b Salas-1992 Rupp-1989 Stevenson-1969 Popjes-and-Popjes-1986 Volodin-and-Skorik-1997 Echols-and-Shadily-1961 Merlan-1982 Bhat-and-Ningomba-1997 Lawrence-1993 Grinevald-1988 Nguyen-1966 Thompson-et-al-1974 Gamble-1978 Bright-1965a Kroeber-1907 Portman-1992 Dasgupta-and-Sharma-1982 Innes-1966 Jakobson-1941,andersongds,
10,Vowel Nasalization,,John Hajek,"John Hajek. 2013. Vowel Nasalization. In: Dryer, Matthew S. & Haspelmath, Martin (eds.) 2013. The World Atlas of Language Structures Online. Leipzig: Max Planck Institute for Evolutionary Anthropology. (Available online at https://wals.info/chapter/10)",vowel-nasalization,10,1,Boas-and-Deloria-1941 Beddor-1993 Ogunbowale-1970 Chafe-1996 Ferguson-1966 Heath-1999b Everett-and-Kern-1997 Facundes-2000 Hajek-1997 Osborn-1966 Jones-and-Jones-1991 Cohn-1993 Harms-1994 Walker-1999 Witucki-1974 Noss-1964 Matisoff-1975 Willms-1972,hajekj,
11,Front Rounded Vowels,,Ian Maddieson,"Ian Maddieson. 2013. Front Rounded Vowels. In: Dryer, Matthew S. & Haspelmath, Martin (eds.) 2013. The World Atlas of Language Structures Online. Leipzig: Max Planck Institute for Evolutionary Anthropology. (Available online at https://wals.info/chapter/11)",front-rounded-vowels,11,1,Stevens-1972 Vago-1980,maddiesoni,
12,Syllable Structure,,Ian Maddieson,"Ian Maddieson. 2013. Syllable Structure. In: Dryer, Matthew S. & Haspelmath, Martin (eds.) 2013. The World Atlas of Language Structures Online. Leipzig: Max Planck Institute for Evolutionary Anthropology. (Available online at https://wals.info/chapter/12)",syllable-structure,12,1,,maddiesoni,
13,Tone,,Ian Maddieson,"Ian Maddieson. 2013. Tone. In: Dryer, Matthew S. & Haspelmath, Martin (eds.) 2013. The World Atlas of Language Structures Online. Leipzig: Max Planck Institute for Evolutionary Anthropology. (Available online at https://wals.info/chapter/13)",tone,13,1,Thelwall-1981 Feev-1998 Grimes-2000,maddiesoni,
14,Fixed Stress Locations,,"Rob Goedemans, Harry van der Hulst","Rob Goedemans, Harry van der Hulst. 2013. Fixed Stress Locations. In: Dryer, Matthew S. & Haspelmath, Martin (eds.) 2013. The World Atlas of Language Structures Online. Leipzig: Max Planck Institute for Evolutionary Anthropology. (Available online at https://wals.info/chapter/14)",fixed-stress-locations,14,1,Dixon-and-Aikhenvald-2002 Revithiadou-1999 Hayes-1995,goedemansr vanderhulsth,
15,Weight-Sensitive Stress,,"Rob Goedemans, Harry van der Hulst","Rob Goedemans, Harry van der Hulst. 2013. Weight-Sensitive Stress. In: Dryer, Matthew S. & Haspelmath, Martin (eds.) 2013. The World Atlas of Language Structures Online. Leipzig: Max Planck Institute for Evolutionary Anthropology. (Available online at https://wals.info/chapter/15)",weight-sensitive-stress,15,1,van-der-Hulst-1996,goedemansr vanderhulsth,
16,Weight Factors in Weight-Sensitive Stress Systems,,"Rob Goedemans, Harry van der Hulst","Rob Goedemans, Harry van der Hulst. 2013. Weight Factors in Weight-Sensitive Stress Systems. In: Dryer, Matthew S. & Haspelmath, Martin (eds.) 2013. The World Atlas of Language Structures Online. Leipzig: Max Planck Institute for Evolutionary Anthropology. (Available online at https://wals.info/chapter/16)",weight-factors-in-weight-sensitive-stres,16,1,Goedemans-1996 Goedemans-1997 Goedemans-1998 Hajek-and-Goedemans-2003 van-Oostendorp-2000 Rosenthal-and-van-der-Hulst-1999 Zec-1988 Kenstowicz-1994,goedemansr vanderhulsth,
17,Rhythm Types,,"Rob Goedemans, Harry van der Hulst","Rob Goedemans, Harry van der Hulst. 2013. Rhythm Types. In: Dryer, Matthew S. & Haspelmath, Martin (eds.) 2013. The World Atlas of Language Structures Online. Leipzig: Max Planck Institute for Evolutionary Anthropology. (Available online at https://wals.info/chapter/17)",rhythm-types,17,1,,goedemansr vanderhulsth,
18,Absence of Common Consonants,,Ian Maddieson,"Ian Maddieson. 2013. Absence of Common Consonants. In: Dryer, Matthew S. & Haspelmath, Martin (eds.) 2013. The World Atlas of Language Structures Online. Leipzig: Max Planck Institute for Evolutionary Anthropology. (Available online at https://wals.info/chapter/18)",absence-of-common-consonants,18,1,,maddiesoni,
19,Presence of Uncommon Consonants,,Ian Maddieson,"Ian Maddieson. 2013. Presence of Uncommon Consonants. In: Dryer, Matthew S. & Haspelmath, Martin (eds.) 2013. The World Atlas of Language Structures Online. Leipzig: Max Planck Institute for Evolutionary Anthropology. (Available online at https://wals.info/chapter/19)",presence-of-uncommon-consonants,19,1,,maddiesoni,
20,Fusion of Selected Inflectional Formatives,,"Balthasar Bickel, Johanna Nichols","Balthasar Bickel, Johanna Nichols. 2013. Fusion of Selected Inflectional Formatives. In: Dryer, Matthew S. & Haspelmath, Martin (eds.) 2013. The World Atlas of Language Structures Online. Leipzig: Max Planck Institute for Evolutionary Anthropology. (Available online at https://wals.info/chapter/20)",fusion-of-selected-inflectional-formativ,20,2,Plank-1999 Bickel-and-Nichols-2005 Dixon-1988 Childs-1995,bickelb nicholsj,
21,Exponence of Selected Inflectional Formatives,,"Balthasar Bickel, Johanna Nichols","Balthasar Bickel, Johanna Nichols. 2013. Exponence of Selected Inflectional Formatives. In: Dryer, Matthew S. & Haspelmath, Martin (eds.) 2013. The World Atlas of Language Structures Online. Leipzig: Max Planck Institute for Evolutionary Anthropology. (Available online at https://wals.info/chapter/21)",exponence-of-selected-inflectional-forma,21,2,Plank-1999 Bickel-and-Nichols-2005 Everett-and-Kern-1997 Bossong-1985 Bossong-1998 Nedjalkov-1997 Evans-1995 Crazzolara-1960 Foley-1986 Noonan-1992,bickelb nicholsj,
22,Inflectional Synthesis of the Verb,,"Balthasar Bickel, Johanna Nichols","Balthasar Bickel, Johanna Nichols. 2013. Inflectional Synthesis of the Verb. In: Dryer, Matthew S. & Haspelmath, Martin (eds.) 2013. The World Atlas of Language Structures Online. Leipzig: Max Planck Institute for Evolutionary Anthropology. (Available online at https://wals.info/chapter/22)",inflectional-synthesis-of-the-verb,22,2,Bickel-2003 Bickel-and-Nichols-2005 Harriehausen-1990 Li-and-Thompson-1981 Franklin-1971 Bickel-and-Nichols-2003,bickelb nicholsj,
23,Locus of Marking in the Clause,,"Johanna Nichols, Balthasar Bickel","Johanna Nichols, Balthasar Bickel. 2013. Locus of Marking in the Clause. In: Dryer, Matthew S. & Haspelmath, Martin (eds.) 2013. The World Atlas of Language Structures Online. Leipzig: Max Planck Institute for Evolutionary Anthropology. (Available online at https://wals.info/chapter/23)",locus-of-marking-in-the-clause,23,2,Dayley-1985 Crowley-1983 Tosco-1991 Payne-1990a Bossong-1985 Aissen-2003 Nichols-1986 Nichols-1992 Cysouw-2002 Bickel-and-Nichols-2002,nicholsj bickelb,
24,Locus of Marking in Possessive Noun Phrases,,"Johanna Nichols, Balthasar Bickel","Johanna Nichols, Balthasar Bickel. 2013. Locus of Marking in Possessive Noun Phrases. In: Dryer, Matthew S. & Haspelmath, Martin (eds.) 2013. The World Atlas of Language Structures Online. Leipzig: Max Planck Institute for Evolutionary Anthropology. (Available online at https://wals.info/chapter/24)",locus-of-marking-in-possessive-noun-phra,24,2,Miller-1965 Dixon-1988 Awobuluyi-1978 Broadbent-1964 Osborne-1974 Voorhoeve-1965b Roberts-1987 Topping-1980a Crowell-1979 Nichols-1986 Nichols-1992 Cysouw-2002 Bickel-and-Nichols-2002,nicholsj bickelb,
25,Locus of Marking: Whole-language Typology,,"Johanna Nichols, Balthasar Bickel","Johanna Nichols, Balthasar Bickel. 2013. Locus of Marking: Whole-language Typology. In: Dryer, Matthew S. & Haspelmath, Martin (eds.) 2013. The World Atlas of Language Structures Online. Leipzig: Max Planck Institute for Evolutionary Anthropology. (Available online at https://wals.info/chapter/25)",locus-of-marking-whole-language-typology,25,2,Dayley-1985 Merlan-1982 Pellizzaro-1969 Gnerre-1999 Everett-1986 Nichols-1986 Nichols-1992 Cysouw-2002,nicholsj bickelb,
26,Prefixing vs. Suffixing in Inflectional Morphology,,Matthew S. Dryer,"Matthew S. Dryer. 2013. Prefixing vs. Suffixing in Inflectional Morphology. In: Dryer, Matthew S. & Haspelmath, Martin (eds.) 2013. The World Atlas of Language Structures Online. Leipzig: Max Planck Institute for Evolutionary Anthropology. (Available online at https://wals.info/chapter/26)",prefixing-vs-suffixing-in-inflectional-m,26,2,Bolton-1990 Welmers-1976 Nebel-1948 Fortescue-1984 Reed-et-al-1977 Meinhof-1930 Reinisch-1893 Harrison-and-Albert-1976 Charachidze-1989 Groves-et-al-1985 Bonvillain-1973 Scorza-1985 Kahombo-1992 Samarin-1967b Werner-1997a Benjamin-1976 Cutler-et-al-1986 Greenberg-1957 Hall-1988 Bybee-et-al-1990,dryerms,
27,Reduplication,,Carl Rubino,"Carl Rubino. 2013. Reduplication. In: Dryer, Matthew S. & Haspelmath, Martin (eds.) 2013. The World Atlas of Language Structures Online. Leipzig: Max Planck Institute for Evolutionary Anthropology. (Available online at https://wals.info/chapter/27)",reduplication,27,2,Aoki-1963 Rubino-2001b Moravcsik-1978 Kuipers-1967 van-den-Berg-1995 Kimball-1988 Chapman-and-Derbyshire-1991 Donaldson-1980 Harrison-1973 Merlan-1982 Harrison-2000 Brown-2001 Bruce-1984 Hardy-and-Montler-1988 Kroeber-and-Grace-1960 Walker-1976 Dobrin-2001 Rubino-2000 Dunn-1999 Newman-1944 Gowda-1975 Evans-1995 Beaumont-1979 Hagman-1977,rubinoc,
28,Case Syncretism,,"Matthew Baerman, Dunstan Brown","Matthew Baerman, Dunstan Brown. 2013. Case Syncretism. In: Dryer, Matthew S. & Haspelmath, Martin (eds.) 2013. The World Atlas of Language Structures Online. Leipzig: Max Planck Institute for Evolutionary Anthropology. (Available online at https://wals.info/chapter/28)",case-syncretism,28,2,Comrie-1991 Reh-1985 Jacobson-1995 Blake-1994 Goddard-1982 Robins-1958 Saltarelli-et-al-1988 Nordlinger-1998 Fromm-1982 Klimov-1970 Nichols-1994b Jakobson-1984 Minassian-1980 Zirkov-1955,baermanm brownd,
29,Syncretism in Verbal Person/Number Marking,,"Matthew Baerman, Dunstan Brown","Matthew Baerman, Dunstan Brown. 2013. Syncretism in Verbal Person/Number Marking. In: Dryer, Matthew S. & Haspelmath, Martin (eds.) 2013. The World Atlas of Language Structures Online. Leipzig: Max Planck Institute for Evolutionary Anthropology. (Available online at https://wals.info/chapter/29)",syncretism-in-verbal-person-number-marki,29,2,Deza-Galindo-1992 Bender-1996 Mous-1993 Davies-1981b Mitchell-1962 Sapir-1965 Frank-1990 Macaulay-1992a Murane-1974,baermanm brownd,
30,Number of Genders,,Greville G. Corbett,"Greville G. Corbett. 2013. Number of Genders. In: Dryer, Matthew S. & Haspelmath, Martin (eds.) 2013. The World Atlas of Language Structures Online. Leipzig: Max Planck Institute for Evolutionary Anthropology. (Available online at https://wals.info/chapter/30)",number-of-genders,30,3,Hutchison-1981 Jenewari-1983 Dixon-1982 Corbett-1991 Aikhenvald-2000 Aikhenvald-1994 Strom-1992 van-Staden-2000 Reid-1997 Dunn-2000 Zaliznjak-1964 Schachter-and-Otanes-1972 Mosel-and-Spriggs-2000 Nichols-1992 Guldemann-2000 Corbett-and-Hayward-1987 Arnott-1967 Koval-1979 Breedveld-1995 Fortune-1942 Aronoff-1994 Fraser-and-Corbett-1997,corbettgg,
31,Sex-based and Non-sex-based Gender Systems,,Greville G. Corbett,"Greville G. Corbett. 2013. Sex-based and Non-sex-based Gender Systems. In: Dryer, Matthew S. & Haspelmath, Martin (eds.) 2013. The World Atlas of Language Structures Online. Leipzig: Max Planck Institute for Evolutionary Anthropology. (Available online at https://wals.info/chapter/31)",sex-based-and-non-sex-based-gender-syste,31,3,Evans-et-al-2002 Breedveld-1995 Corbett-1991 van-Staden-2000 Xajdakov-1963 Miranda-1975 Zareba-1984 Welmers-1973 Wald-1975 Bloomfield-1957 Black-Rogers-1982,corbettgg,
32,Systems of Gender Assignment,,Greville G. Corbett,"Greville G. Corbett. 2013. Systems of Gender Assignment. In: Dryer, Matthew S. & Haspelmath, Martin (eds.) 2013. The World Atlas of Language Structures Online. Leipzig: Max Planck Institute for Evolutionary Anthropology. (Available online at https://wals.info/chapter/32)",systems-of-gender-assignment,32,3,Sridhar-1990 Evans-et-al-2002 Corbett-1991 Parker-and-Hayward-1985 Corbett-1982 Fraser-and-Corbett-1995 Fraser-and-Corbett-1997 Corbett-and-Fraser-2000 Mills-1986 Muller-2000 Polinsky-and-Jackson-1999 Comrie-and-Polinsky-1998 Polinsky-and-van-Everbroeck-2003,corbettgg,
33,Coding of Nominal Plurality,,Matthew S. Dryer,"Matthew S. Dryer. 2013. Coding of Nominal Plurality. In: Dryer, Matthew S. & Haspelmath, Martin (eds.) 2013. The World Atlas of Language Structures Online. Leipzig: Max Planck Institute for Evolutionary Anthropology. (Available online at https://wals.info/chapter/33)",coding-of-nominal-plurality,33,3,Elbert-and-Pukui-1979 Leeding-1989 Campbell-and-Campbell-1987 Nebel-1948 Crazzolara-1933 Frank-1999 Gordon-1986 Miller-2001 Burgess-1984 Boyeldieu-1982 Adwiraah-1989 Prost-1964d Crass-and-Jakobi-2004 Kutsch-Lojenga-1994 Sneddon-1996 Campbell-1985 MacKay-1999 Vorbichler-1971 Norris-1986 Macaulay-1996 Key-1967 Kolia-1975 Ehrman-1970 Bauer-1993 Childs-1995 Borgman-1990 Tryon-1970b Hayward-1990a Evans-1995 Seiler-1985 de-Vries-1989 Corbett-2000,dryerms,
34,Occurrence of Nominal Plurality,,Martin Haspelmath,"Martin Haspelmath. 2013. Occurrence of Nominal Plurality. In: Dryer, Matthew S. & Haspelmath, Martin (eds.) 2013. The World Atlas of Language Structures Online. Leipzig: Max Planck Institute for Evolutionary Anthropology. (Available online at https://wals.info/chapter/34)",occurrence-of-nominal-plurality,34,3,Haller-2000 Kilian-Hatz-1995 Green-1995 Reesink-1999 Miller-2001 van-Klinken-1999 Pet-1987 Fortescue-1984 Nagaraja-1999 Bowden-2001 Osborne-1974 Roberts-1987 Nedjalkov-1997 Haspelmath-1993 Hofling-2000 Andronov-1980 Rowlands-1969 Nikolaeva-and-Tolskaya-2001 Pilhofer-1933 Smith-Stark-1974 Corbett-2000,haspelmathm,
35,Plurality in Independent Personal Pronouns,,Michael Daniel,"Michael Daniel. 2013. Plurality in Independent Personal Pronouns. In: Dryer, Matthew S. & Haspelmath, Martin (eds.) 2013. The World Atlas of Language Structures Online. Leipzig: Max Planck Institute for Evolutionary Anthropology. (Available online at https://wals.info/chapter/35)",plurality-in-independent-personal-pronou,35,3,Forchheimer-1953 Benveniste-1966a Barulin-1980 Corbett-2000 Majtinskaja-1969 Keegan-1997,danielm,
36,The Associative Plural,,"Michael Daniel, Edith Moravcsik","Michael Daniel, Edith Moravcsik. 2013. The Associative Plural. In: Dryer, Matthew S. & Haspelmath, Martin (eds.) 2013. The World Atlas of Language Structures Online. Leipzig: Max Planck Institute for Evolutionary Anthropology. (Available online at https://wals.info/chapter/36)",the-associative-plural,36,3,Delbruck-1893 Jespersen-1965 Corbett-2000 Daniel-2000 Moravcsik-2003 Barulin-1980 Lewis-1893 Derbyshire-1985 Heusler-1964,danielm moravcsike,
37,Definite Articles,,Matthew S. Dryer,"Matthew S. Dryer. 2013. Definite Articles. In: Dryer, Matthew S. & Haspelmath, Martin (eds.) 2013. The World Atlas of Language Structures Online. Leipzig: Max Planck Institute for Evolutionary Anthropology. (Available online at https://wals.info/chapter/37)",definite-articles,37,3,Ingham-2001 Merlan-1982 Hamel-1994 Nichols-1988 Givon-1980 Besha-1993 Skinner-1979 Gary-and-Gamal-Eldin-1982 Giridhar-1980 MacDonald-1990 Scancarelli-1987 Samarin-1967b Dougherty-1983 Elwell-Sutton-1941 Allan-et-al-1995,dryerms,
38,Indefinite Articles,,Matthew S. Dryer,"Matthew S. Dryer. 2013. Indefinite Articles. In: Dryer, Matthew S. & Haspelmath, Martin (eds.) 2013. The World Atlas of Language Structures Online. Leipzig: Max Planck Institute for Evolutionary Anthropology. (Available online at https://wals.info/chapter/38)",indefinite-articles,38,3,Davies-1981b Kornfilt-1997 Fernandez-1967 van-Driem-1987 Skinner-1979 Haspelmath-1993 Givon-1981 Chelliah-1997 Terrill-2003 van-Enk-and-de-Vries-1997 Armbruster-1960 Bielec-1998 Dougherty-1983 Dickens-1992,dryerms,
39,Inclusive/Exclusive Distinction in Independent Pronouns,,Michael Cysouw,"Michael Cysouw. 2013. Inclusive/Exclusive Distinction in Independent Pronouns. In: Dryer, Matthew S. & Haspelmath, Martin (eds.) 2013. The World Atlas of Language Structures Online. Leipzig: Max Planck Institute for Evolutionary Anthropology. (Available online at https://wals.info/chapter/39)",inclusive-exclusive-distinction-in-indep,39,3,Everett-1986 Clairis-1985 Gordon-1986 Harriehausen-1990 Popjes-and-Popjes-1986 Topping-1973 Terrill-2003 Plank-1996 Thomas-1955 Broadbent-1964 Cysouw-2003 Payne-and-Payne-1990 McGregor-1990 Crowley-1982 McKay-1978 Merlan-1982 Dixon-1980 OGrady-et-al-1966 Koch-1997,cysouwm,
40,Inclusive/Exclusive Distinction in Verbal Inflection,,Michael Cysouw,"Michael Cysouw. 2013. Inclusive/Exclusive Distinction in Verbal Inflection. In: Dryer, Matthew S. & Haspelmath, Martin (eds.) 2013. The World Atlas of Language Structures Online. Leipzig: Max Planck Institute for Evolutionary Anthropology. (Available online at https://wals.info/chapter/40)",inclusive-exclusive-distinction-in-verba,40,3,Kutsch-Lojenga-1994 Leavitt-1996 Payne-and-Payne-1990 Donaldson-1980 McGregor-1995,cysouwm,
41,Distance Contrasts in Demonstratives,,Holger Diessel,"Holger Diessel. 2013. Distance Contrasts in Demonstratives. In: Dryer, Matthew S. & Haspelmath, Martin (eds.) 2013. The World Atlas of Language Structures Online. Leipzig: Max Planck Institute for Evolutionary Anthropology. (Available online at https://wals.info/chapter/41)",distance-contrasts-in-demonstratives,41,3,Diessel-1999b Churchward-1953 Anderson-and-Keenan-1985 van-den-Berg-1995 Kuno-1973 Wolff-1993,diesselh,
42,Pronominal and Adnominal Demonstratives,,Holger Diessel,"Holger Diessel. 2013. Pronominal and Adnominal Demonstratives. In: Dryer, Matthew S. & Haspelmath, Martin (eds.) 2013. The World Atlas of Language Structures Online. Leipzig: Max Planck Institute for Evolutionary Anthropology. (Available online at https://wals.info/chapter/42)",pronominal-and-adnominal-demonstratives,42,3,Kornfilt-1997 Noonan-1992 Diessel-1999b Sohn-1994 Rehg-1981 Dayley-1989a Dayley-1989b Hale-1983,diesselh,
43,Third Person Pronouns and Demonstratives,,D.N.S. Bhat,"D.N.S. Bhat. 2013. Third Person Pronouns and Demonstratives. In: Dryer, Matthew S. & Haspelmath, Martin (eds.) 2013. The World Atlas of Language Structures Online. Leipzig: Max Planck Institute for Evolutionary Anthropology. (Available online at https://wals.info/chapter/43)",third-person-pronouns-and-demonstratives,43,3,Tamura-2000 Harms-1994 Saltarelli-et-al-1988 Keen-1983 Reed-and-Payne-1986 Wilson-1980 Nagaraja-1985 Biligiri-1965 Kozintseva-1995 Bromley-1981 Elbert-and-Pukui-1979 Voorhoeve-1965b Bray-1986 Haspelmath-1993 Facundes-2000 Poulos-1990 Innes-1966 Asher-and-Kumari-1997 Hardman-2000 Kordic-1997 Osada-1992 McLendon-1975 Key-1967 Rood-1976 Bhat-2004,bhatdns,
44,Gender Distinctions in Independent Personal Pronouns,,Anna Siewierska,"Anna Siewierska. 2013. Gender Distinctions in Independent Personal Pronouns. In: Dryer, Matthew S. & Haspelmath, Martin (eds.) 2013. The World Atlas of Language Structures Online. Leipzig: Max Planck Institute for Evolutionary Anthropology. (Available online at https://wals.info/chapter/44)",gender-distinctions-in-independent-perso,44,3,Corbett-1991 Greenberg-1963 Plank-and-Schellinger-1997 Newman-2000 Laycock-1965a McClelland-2000 Wise-1999 Meinhof-1930 Love-2000 Terrill-2003 Aikhenvald-2000 Mous-1993 Bodomo-1997,siewierskaa,
45,Politeness Distinctions in Pronouns,,Johannes Helmbrecht,"Johannes Helmbrecht. 2013. Politeness Distinctions in Pronouns. In: Dryer, Matthew S. & Haspelmath, Martin (eds.) 2013. The World Atlas of Language Structures Online. Leipzig: Max Planck Institute for Evolutionary Anthropology. (Available online at https://wals.info/chapter/45)",politeness-distinctions-in-pronouns,45,3,Friedrich-1966 Friedrich-1972 Shibatani-1998 Helmbrecht-2002 Cooke-1968 Muhlhausler-and-Harre-1990 Bowden-2001 Pandharipande-1997 Brown-and-Levinson-1987 Brown-and-Gilman-1960 Agha-1994 Malsch-1987 Helmbrecht-2003,helmbrechtj,
46,Indefinite Pronouns,,Martin Haspelmath,"Martin Haspelmath. 2013. Indefinite Pronouns. In: Dryer, Matthew S. & Haspelmath, Martin (eds.) 2013. The World Atlas of Language Structures Online. Leipzig: Max Planck Institute for Evolutionary Anthropology. (Available online at https://wals.info/chapter/46)",indefinite-pronouns,46,3,Hewitt-1979 Jacob-1968 Haspelmath-1997 Panfilov-1962 Zirkov-1955 Nagaraja-1999 Willett-1991 Schultze-Berndt-2000 Bhat-2000 Bhat-2004 Mushin-1995 Davies-1981b Newman-2000 Kruspe-1999 Bauer-1993 Kakumasu-1986 Schachter-and-Otanes-1972,haspelmathm,
47,Intensifiers and Reflexive Pronouns,,"Ekkehard König, Peter Siemund (Stephan Töpper)","Ekkehard König, Peter Siemund (Stephan Töpper). 2013. Intensifiers and Reflexive Pronouns. In: Dryer, Matthew S. & Haspelmath, Martin (eds.) 2013. The World Atlas of Language Structures Online. Leipzig: Max Planck Institute for Evolutionary Anthropology. (Available online at https://wals.info/chapter/47)",intensifiers-and-reflexive-pronouns,47,3,Asher-and-Kumari-1997 Ogawa-1998 Konig-and-Siemund-2000a Faltz-1985 Norman-1848 Priego-Montfort-1989,konige siemundp,toppers
48,Person Marking on Adpositions,,Dik Bakker,"Dik Bakker. 2013. Person Marking on Adpositions. In: Dryer, Matthew S. & Haspelmath, Martin (eds.) 2013. The World Atlas of Language Structures Online. Leipzig: Max Planck Institute for Evolutionary Anthropology. (Available online at https://wals.info/chapter/48)",person-marking-on-adpositions,48,3,Dol-1999 Wash-2001 MacDonald-1990 Hercus-1994 Hardman-2000 Hoddinott-and-Kofod-1988 Crowley-1982 Lorimer-1935 Groves-et-al-1985 Hewitt-1979 Hawkins-1983 Tsunoda-et-al-1995,bakkerd,
49,Number of Cases,,Oliver A. Iggesen,"Oliver A. Iggesen. 2013. Number of Cases. In: Dryer, Matthew S. & Haspelmath, Martin (eds.) 2013. The World Atlas of Language Structures Online. Leipzig: Max Planck Institute for Evolutionary Anthropology. (Available online at https://wals.info/chapter/49)",number-of-cases,49,3,Smeets-1989 Nikolaeva-1999 Thrainsson-1994 Wade-1992 Fortescue-1984 Tompa-1968 Wolfart-1973 Hewitt-1989a Blake-1994 Plank-1995 Seiler-1985 Comrie-1999,iggesenoa,
50,Asymmetrical Case-Marking,,Oliver A. Iggesen,"Oliver A. Iggesen. 2013. Asymmetrical Case-Marking. In: Dryer, Matthew S. & Haspelmath, Martin (eds.) 2013. The World Atlas of Language Structures Online. Leipzig: Max Planck Institute for Evolutionary Anthropology. (Available online at https://wals.info/chapter/50)",asymmetrical-case-marking,50,3,Kornfilt-1997 Davies-1981b Maslova-2003a Pitman-1980 Ucida-1970 Jakobi-1990 Foley-1991 Bowe-1990 Mathiassen-1997 Wurzel-1984 Haspelmath-2002 Valenzuela-2003,iggesenoa,
51,Position of Case Affixes,,Matthew S. Dryer,"Matthew S. Dryer. 2013. Position of Case Affixes. In: Dryer, Matthew S. & Haspelmath, Martin (eds.) 2013. The World Atlas of Language Structures Online. Leipzig: Max Planck Institute for Evolutionary Anthropology. (Available online at https://wals.info/chapter/51)",position-of-case-affixes,51,3,Reh-1985 Holisky-and-Gagua-1994 Collins-1962 Green-1995 Penchoen-1973b Morgenstierne-1949 Sapir-1922b Tucker-and-Bryan-1966 Kohnen-1933 Tucker-and-Mpaayei-1955 Creider-and-Creider-1989 Crazzolara-1933 Brown-2001 Dunn-1999 Merlan-1982 Frachtenberg-1922a Dimmendaal-1983a Key-1967 Rumsey-1982 Saeed-1993 Hosokawa-1991 Williams-1980b Ziervogel-et-al-1981 Mateene-1992,dryerms,
52,Comitatives and Instrumentals,,"Thomas Stolz, Cornelia Stroh, Aina Urdze","Thomas Stolz, Cornelia Stroh, Aina Urdze. 2013. Comitatives and Instrumentals. In: Dryer, Matthew S. & Haspelmath, Martin (eds.) 2013. The World Atlas of Language Structures Online. Leipzig: Max Planck Institute for Evolutionary Anthropology. (Available online at https://wals.info/chapter/52)",comitatives-and-instrumentals,52,3,Levinsohn-1976 Stolz-1996 Lavotha-1973 Stolz-and-Stroh-2001 Karlsson-1978 Banhidi-et-al-1975 Stolz-2001c Lakoff-and-Johnson-1980 Schwarz-et-al-2001 Stolz-2001a Stolz-2001b Stassen-2000,stolzt strohc urdzea,
53,Ordinal Numerals,,"Thomas Stolz, Ljuba N. Veselinova","Thomas Stolz, Ljuba N. Veselinova. 2013. Ordinal Numerals. In: Dryer, Matthew S. & Haspelmath, Martin (eds.) 2013. The World Atlas of Language Structures Online. Leipzig: Max Planck Institute for Evolutionary Anthropology. (Available online at https://wals.info/chapter/53)",ordinal-numerals,53,3,Hurford-1975 Hurford-1987 Veselinova-1997 Stolz-2001d Davies-1989b Jacq-and-Sidwell-1999 Kwee-1981 Olza-Zubiri-and-Jusayu-1985 van-den-Berg-1995 Childs-1995 Lavotha-1973 Hoang-Thi-Chau-1982,stolzt veselinovaln,
54,Distributive Numerals,,David Gil,"David Gil. 2013. Distributive Numerals. In: Dryer, Matthew S. & Haspelmath, Martin (eds.) 2013. The World Atlas of Language Structures Online. Leipzig: Max Planck Institute for Evolutionary Anthropology. (Available online at https://wals.info/chapter/54)",distributive-numerals,54,3,Gil-1988 Braine-1970 Boas-1911c Gil-1982 Saltarelli-et-al-1988 Gil-1989 Key-1967 Gil-1993 Besnier-2000 Prokofeva-1966 Refsing-1986 Hawkins-1998 Nikolaeva-and-Tolskaya-2001 Foreman-1974 Skorik-1961 Ezard-1997 Gil-1987 Link-1986a Link-1986b Choe-1987,gild,
55,Numeral Classifiers,,David Gil,"David Gil. 2013. Numeral Classifiers. In: Dryer, Matthew S. & Haspelmath, Martin (eds.) 2013. The World Atlas of Language Structures Online. Leipzig: Max Planck Institute for Evolutionary Anthropology. (Available online at https://wals.info/chapter/55)",numeral-classifiers,55,3,Welmers-1973 Osborne-1974 Beckwith-1992 Noonan-2000 Reesink-1999 Swanton-1911b Jones-1998b Boas-1911c Aikhenvald-1998 Haas-1942 Burling-1965 Craig-1986 Gil-1987 Thompson-1965 Quine-1969 Stein-1981 Link-1991 Gil-1996a,gild,
56,Conjunctions and Universal Quantifiers,,David Gil,"David Gil. 2013. Conjunctions and Universal Quantifiers. In: Dryer, Matthew S. & Haspelmath, Martin (eds.) 2013. The World Atlas of Language Structures Online. Leipzig: Max Planck Institute for Evolutionary Anthropology. (Available online at https://wals.info/chapter/56)",conjunctions-and-universal-quantifiers,56,3,Keenan-and-Faltz-1986 Carlson-1994 Dixon-1977a Boas-1911c Bowden-2001 Roberts-1987 Bach-1996 Cyffer-and-Hutchison-1990 Gil-1994a Hardman-2000 Guma-1971 Emeneau-1980 Gil-1994b Konig-1991 Haspelmath-1997,gild,
57,Position of Pronominal Possessive Affixes,,Matthew S. Dryer,"Matthew S. Dryer. 2013. Position of Pronominal Possessive Affixes. In: Dryer, Matthew S. & Haspelmath, Martin (eds.) 2013. The World Atlas of Language Structures Online. Leipzig: Max Planck Institute for Evolutionary Anthropology. (Available online at https://wals.info/chapter/57)",position-of-pronominal-possessive-affixe,57,3,Abbott-1991 Hamel-1994 Kibrik-1994a Dorais-1988 Kuipers-1967 van-Eijk-1997 Gordon-1986 Donohue-1999a Rumsey-1982 Chapman-and-Derbyshire-1991 Wilkins-1989 MacDonald-1990 Groves-et-al-1985 Niggemeyer-1951 Gruzdeva-1998 Sauvageot-1965,dryerms,
58,Obligatory Possessive Inflection,,"Balthasar Bickel, Johanna Nichols","Balthasar Bickel, Johanna Nichols. 2013. Obligatory Possessive Inflection. In: Dryer, Matthew S. & Haspelmath, Martin (eds.) 2013. The World Atlas of Language Structures Online. Leipzig: Max Planck Institute for Evolutionary Anthropology. (Available online at https://wals.info/chapter/58)",obligatory-possessive-inflection,58,4,Young-and-Morgan-1987 Miller-1965 Jensen-1998 Lastra-de-Suarez-1984 Rodrigues-1999b Aikhenvald-2000 Carlson-and-Payne-1989 Kroeber-and-Grace-1960 Jacobsen-1964 Lichtenberk-1983b Crowley-1982 Dixon-1988 Rehg-1981,bickelb nicholsj,
59,Possessive Classification,,"Johanna Nichols, Balthasar Bickel","Johanna Nichols, Balthasar Bickel. 2013. Possessive Classification. In: Dryer, Matthew S. & Haspelmath, Martin (eds.) 2013. The World Atlas of Language Structures Online. Leipzig: Max Planck Institute for Evolutionary Anthropology. (Available online at https://wals.info/chapter/59)",possessive-classification,59,4,Langdon-1970 Heath-1980b Osborne-1974 Rude-1985 Aoki-1994 Aoki-1970 Berger-1998 Roberts-1987 Thurston-1982 Lastra-de-Suarez-1984 Key-1967,nicholsj bickelb,
60,"Genitives, Adjectives and Relative Clauses",,David Gil,"David Gil. 2013. Genitives, Adjectives and Relative Clauses. In: Dryer, Matthew S. & Haspelmath, Martin (eds.) 2013. The World Atlas of Language Structures Online. Leipzig: Max Planck Institute for Evolutionary Anthropology. (Available online at https://wals.info/chapter/60)",genitives-adjectives-and-relative-clause,60,4,Gil-2001,gild,
61,Adjectives without Nouns,,David Gil,"David Gil. 2013. Adjectives without Nouns. In: Dryer, Matthew S. & Haspelmath, Martin (eds.) 2013. The World Atlas of Language Structures Online. Leipzig: Max Planck Institute for Evolutionary Anthropology. (Available online at https://wals.info/chapter/61)",adjectives-without-nouns,61,4,Evans-1995 Fleisch-2001 Okell-1969 Harvey-1992 Matthewson-1998 Aikhenvald-1996 Heath-1999b Reesink-1999 Moore-1984 Haspelmath-1993 Seiler-1985 Dol-1999 Harms-1994 Gil-1994d van-den-Berg-1995,gild,
62,Action Nominal Constructions,,Maria Koptjevskaja-Tamm,"Maria Koptjevskaja-Tamm. 2013. Action Nominal Constructions. In: Dryer, Matthew S. & Haspelmath, Martin (eds.) 2013. The World Atlas of Language Structures Online. Leipzig: Max Planck Institute for Evolutionary Anthropology. (Available online at https://wals.info/chapter/62)",action-nominal-constructions,62,4,Comrie-1976a Comrie-and-Thompson-1985 Koptjevskaja-Tamm-1993 Koptjevskaja-Tamm-2003 Chomsky-1970 Haspelmath-1996 Grimshaw-1990 Cole-1982 Vendler-1967 Kazenin-1996 Topping-1973,koptjevskajatammm,
63,Noun Phrase Conjunction,,Leon Stassen,"Leon Stassen. 2013. Noun Phrase Conjunction. In: Dryer, Matthew S. & Haspelmath, Martin (eds.) 2013. The World Atlas of Language Structures Online. Leipzig: Max Planck Institute for Evolutionary Anthropology. (Available online at https://wals.info/chapter/63)",noun-phrase-conjunction,63,4,Stassen-2000 Taylor-1985 Feldman-1986 Asher-1982 Reinisch-1893 Lukas-1953 Nichols-1986 Dumezil-1931 Tonelli-1926 Welmers-1973 Schaub-1985 Mosel-1984 Hinds-1986,stassenl,
64,Nominal and Verbal Conjunction,,Martin Haspelmath,"Martin Haspelmath. 2013. Nominal and Verbal Conjunction. In: Dryer, Matthew S. & Haspelmath, Martin (eds.) 2013. The World Atlas of Language Structures Online. Leipzig: Max Planck Institute for Evolutionary Anthropology. (Available online at https://wals.info/chapter/64)",nominal-and-verbal-conjunction,64,4,Kenesei-et-al-1998 Olawsky-1999 Blevins-2001 Davies-1999 Merlan-1994 Willett-1991 Osumi-1995 Rennison-1997 Seiler-1985 Guirardello-1999a Haspelmath-2005 Schaub-1985 Kuno-1978 MacDonald-1990 Haspelmath-1995 Alpatov-and-Podlesskaya-1995 Berchem-1991 Topping-1973 Welmers-1973,haspelmathm,
65,Perfective/Imperfective Aspect,,"Östen Dahl, Viveka Velupillai","Östen Dahl, Viveka Velupillai. 2013. Perfective/Imperfective Aspect. In: Dryer, Matthew S. & Haspelmath, Martin (eds.) 2013. The World Atlas of Language Structures Online. Leipzig: Max Planck Institute for Evolutionary Anthropology. (Available online at https://wals.info/chapter/65)",perfective-imperfective-aspect,65,5,Dahl-1985 Bybee-et-al-1994 Grinevald-1988,dahlo velupillaiv,
66,The Past Tense,,"Östen Dahl, Viveka Velupillai","Östen Dahl, Viveka Velupillai. 2013. The Past Tense. In: Dryer, Matthew S. & Haspelmath, Martin (eds.) 2013. The World Atlas of Language Structures Online. Leipzig: Max Planck Institute for Evolutionary Anthropology. (Available online at https://wals.info/chapter/66)",the-past-tense,66,5,Klein-1994 Dahl-1985 Bybee-et-al-1994 Payne-and-Payne-1990,dahlo velupillaiv,
67,The Future Tense,,"Östen Dahl, Viveka Velupillai","Östen Dahl, Viveka Velupillai. 2013. The Future Tense. In: Dryer, Matthew S. & Haspelmath, Martin (eds.) 2013. The World Atlas of Language Structures Online. Leipzig: Max Planck Institute for Evolutionary Anthropology. (Available online at https://wals.info/chapter/67)",the-future-tense,67,5,Bybee-et-al-1994 Lyons-1968 Ultan-1978,dahlo velupillaiv,
68,The Perfect,,"Östen Dahl, Viveka Velupillai","Östen Dahl, Viveka Velupillai. 2013. The Perfect. In: Dryer, Matthew S. & Haspelmath, Martin (eds.) 2013. The World Atlas of Language Structures Online. Leipzig: Max Planck Institute for Evolutionary Anthropology. (Available online at https://wals.info/chapter/68)",the-perfect,68,5,Bybee-et-al-1994 Lindstedt-2000 Ebert-2001,dahlo velupillaiv,
69,Position of Tense-Aspect Affixes,,Matthew S. Dryer,"Matthew S. Dryer. 2013. Position of Tense-Aspect Affixes. In: Dryer, Matthew S. & Haspelmath, Martin (eds.) 2013. The World Atlas of Language Structures Online. Leipzig: Max Planck Institute for Evolutionary Anthropology. (Available online at https://wals.info/chapter/69)",position-of-tense-aspect-affixes,69,5,Reh-1996 Owens-1985 Noonan-1992 Macaulay-1996 Dimmendaal-1983a Langdon-1970 Reh-1985 Alexander-1988 Rau-1992 Alekseev-1994b Hamel-1994 Sneddon-1996 Donohue-1999a Werner-1997a Lin-1993 Benjamin-1976 Voorhoeve-1971 Kuipers-1974,dryerms,
70,The Morphological Imperative,,"Johan van der Auwera, Ludo Lejeune (Umarani Pappuswamy, Valentin Goussev)","Johan van der Auwera, Ludo Lejeune (Umarani Pappuswamy, Valentin Goussev). 2013. The Morphological Imperative. In: Dryer, Matthew S. & Haspelmath, Martin (eds.) 2013. The World Atlas of Language Structures Online. Leipzig: Max Planck Institute for Evolutionary Anthropology. (Available online at https://wals.info/chapter/70)",the-morphological-imperative,70,5,van-Driem-1987 Meeuwis-1998 Holst-2001 Egli-1990 Heath-1984 Vogt-1971 Taylor-1985 Nichols-1994b Guerin-1998 Xrakovskij-2001,vanderauweraj lejeunel,pappuswamyu goussevv
71,The Prohibitive,,"Johan van der Auwera, Ludo Lejeune (Valentin Goussev)","Johan van der Auwera, Ludo Lejeune (Valentin Goussev). 2013. The Prohibitive. In: Dryer, Matthew S. & Haspelmath, Martin (eds.) 2013. The World Atlas of Language Structures Online. Leipzig: Max Planck Institute for Evolutionary Anthropology. (Available online at https://wals.info/chapter/71)",the-prohibitive,71,5,Thompson-1965 Poulos-and-Bosch-1997 Boyeldieu-1995 Volodin-2001 Koehn-and-Koehn-1986 Mous-1992 Kamba-Muzenga-1981 Aikhenvald-1999 Kahrel-and-van-den-Berg-1994 Kahrel-1996 Hovdhaugen-and-Mosel-1999 Xrakovskij-2001 Zanuttini-1997,vanderauweraj lejeunel,goussevv
72,Imperative-Hortative Systems,,"Johan van der Auwera, Nina Dobrushina, Valentin Goussev","Johan van der Auwera, Nina Dobrushina, Valentin Goussev. 2013. Imperative-Hortative Systems. In: Dryer, Matthew S. & Haspelmath, Martin (eds.) 2013. The World Atlas of Language Structures Online. Leipzig: Max Planck Institute for Evolutionary Anthropology. (Available online at https://wals.info/chapter/72)",imperative-hortative-systems,72,5,Sanchez-and-Castro-1977 Heath-1984 Quirk-et-al-1985 Creissels-2000 Kenesei-et-al-1998 Diagana-1995 Meeuwis-1998 Sebeok-and-Ingemann-1961 Ammann-and-van-der-Auwera-2004 Xrakovskij-2001 Palmer-1986 Hengeveld-2004,vanderauweraj dobrushinan goussevv,
73,The Optative,,"Nina Dobrushina, Johan van der Auwera, Valentin Goussev","Nina Dobrushina, Johan van der Auwera, Valentin Goussev. 2013. The Optative. In: Dryer, Matthew S. & Haspelmath, Martin (eds.) 2013. The World Atlas of Language Structures Online. Leipzig: Max Planck Institute for Evolutionary Anthropology. (Available online at https://wals.info/chapter/73)",the-optative,73,5,Dobrusina-2001 Bybee-et-al-1994 Chung-and-Timberlake-1985 Sadock-and-Zwicky-1985 Rice-1989 Tenisev-et-al-1997 Fortescue-1984 Hardman-de-Bautista-1974 Gregores-and-Suarez-1967 Gordon-1986 Koshal-1979 Giridhar-1994 Gadzhiaxmedov-2000 Juldasev-1981 Kozintseva-2001 Wilson-1970 Loogman-1965 Palmer-1986 Kibrik-et-al-1977 Plungian-2000 Bodding-1952 Smeets-1989 Rupp-1989 Haspelmath-1993 Hewitt-1979 Korolev-1965,dobrushinan vanderauweraj goussevv,
74,Situational Possibility,,"Johan van der Auwera, Andreas Ammann","Johan van der Auwera, Andreas Ammann. 2013. Situational Possibility. In: Dryer, Matthew S. & Haspelmath, Martin (eds.) 2013. The World Atlas of Language Structures Online. Leipzig: Max Planck Institute for Evolutionary Anthropology. (Available online at https://wals.info/chapter/74)",situational-possibility,74,5,Terrill-2003 Murane-1974 Bhaskararao-1998 Bowden-2001 Dunn-1999 Derbyshire-1993 Roberts-1987 Sohn-1994 Palmer-1979 Coates-1983 Traugott-1989 Bybee-et-al-1994 van-der-Auwera-and-Plungian-1998 Heine-1993 Ross-1969,vanderauweraj ammanna,
75,Epistemic Possibility,,"Johan van der Auwera, Andreas Ammann","Johan van der Auwera, Andreas Ammann. 2013. Epistemic Possibility. In: Dryer, Matthew S. & Haspelmath, Martin (eds.) 2013. The World Atlas of Language Structures Online. Leipzig: Max Planck Institute for Evolutionary Anthropology. (Available online at https://wals.info/chapter/75)",epistemic-possibility,75,5,Owens-1985 Sammallahti-1998a Bartens-1989 Kimball-1991 Rood-and-Taylor-1996 Harms-1994 Nedjalkov-1997 McGregor-1990 Merlan-1994 Craig-1977 Day-1973 Schaub-1985 Fife-1990 King-1993a Jones-and-Thomas-1977 Bybee-et-al-1994 van-der-Auwera-and-Plungian-1998,vanderauweraj ammanna,
76,Overlap between Situational and Epistemic Modal Marking,,"Johan van der Auwera, Andreas Ammann","Johan van der Auwera, Andreas Ammann. 2013. Overlap between Situational and Epistemic Modal Marking. In: Dryer, Matthew S. & Haspelmath, Martin (eds.) 2013. The World Atlas of Language Structures Online. Leipzig: Max Planck Institute for Evolutionary Anthropology. (Available online at https://wals.info/chapter/76)",overlap-between-situational-and-epistemi,76,5,Fortescue-1984 Joseph-and-Philippaki-Warburton-1989 Palmer-1986 O-Siadhail-1989 Schachter-and-Otanes-1983 Refsing-1986 Tamura-2000 Kenesei-et-al-1998 Nedjalkov-1997 Robins-1958 Coates-1983 Perkins-1983 Palmer-2001 Bybee-et-al-1994 van-der-Auwera-and-Plungian-1998,vanderauweraj ammanna,
77,Semantic Distinctions of Evidentiality,,Ferdinand de Haan,"Ferdinand de Haan. 2013. Semantic Distinctions of Evidentiality. In: Dryer, Matthew S. & Haspelmath, Martin (eds.) 2013. The World Atlas of Language Structures Online. Leipzig: Max Planck Institute for Evolutionary Anthropology. (Available online at https://wals.info/chapter/77)",semantic-distinctions-of-evidentiality,77,5,Loeweke-and-May-1980 Kimball-1991 Barnes-1984 Franklin-1971 Street-1963 Haspelmath-1993 de-Haan-1999 Boeder-2000 Leinonen-2000 Swanton-1911b Frank-1990 Aksu-Koc-and-Slobin-1986 Jones-and-Jones-1991 Holisky-and-Gagua-1994 Botne-1995 Palmer-1986 Floyd-1999 de-Haan-2001 Haarmann-1970 Johanson-and-Utas-2000 Aikhenvald-and-Dixon-1998,dehaanf,
78,Coding of Evidentiality,,Ferdinand de Haan,"Ferdinand de Haan. 2013. Coding of Evidentiality. In: Dryer, Matthew S. & Haspelmath, Martin (eds.) 2013. The World Atlas of Language Structures Online. Leipzig: Max Planck Institute for Evolutionary Anthropology. (Available online at https://wals.info/chapter/78)",coding-of-evidentiality,78,5,Sridhar-1990 Haspelmath-1993 Sapir-1922b Aksu-Koc-and-Slobin-1986 Boeder-2000 van-Driem-1991 Koehn-and-Koehn-1986 Botne-1995 de-Haan-2001 McGregor-1990 Merlan-1982 Austin-1981 Johanson-2000 Haarmann-1970 Aikhenvald-and-Dixon-1998 Johanson-and-Utas-2000,dehaanf,
79,Suppletion According to Tense and Aspect,,Ljuba N. Veselinova,"Ljuba N. Veselinova. 2013. Suppletion According to Tense and Aspect. In: Dryer, Matthew S. & Haspelmath, Martin (eds.) 2013. The World Atlas of Language Structures Online. Leipzig: Max Planck Institute for Evolutionary Anthropology. (Available online at https://wals.info/chapter/79)",suppletion-according-to-tense-and-aspect,79,5,Dressler-1985 Melcuk-1994 Rudes-1980 Anderson-1985 Carstairs-McCarthy-1992 Carstairs-McCarthy-1994 Mithun-1988b Corbett-2000 Bybee-1985 Markey-1985 Deshpande-1992 Aski-1995 Fertig-1998 Veselinova-2003 Bruce-1984 Macaulay-1996 Haspelmath-1993 Mitchell-1962,veselinovaln,
80,Verbal Number and Suppletion,,Ljuba N. Veselinova,"Ljuba N. Veselinova. 2013. Verbal Number and Suppletion. In: Dryer, Matthew S. & Haspelmath, Martin (eds.) 2013. The World Atlas of Language Structures Online. Leipzig: Max Planck Institute for Evolutionary Anthropology. (Available online at https://wals.info/chapter/80)",verbal-number-and-suppletion,80,5,Frajzyngier-1993 Corbett-2000 Tamura-1988 Mithun-1988b Melcuk-1994 Valenzuela-1997 Reh-1985 Young-and-Morgan-1987 Durie-1986 Rice-1989 Gil-1993 Veselinova-2003,veselinovaln,
81,"Order of Subject, Object and Verb",,Matthew S. Dryer,"Matthew S. Dryer. 2013. Order of Subject, Object and Verb. In: Dryer, Matthew S. & Haspelmath, Martin (eds.) 2013. The World Atlas of Language Structures Online. Leipzig: Max Planck Institute for Evolutionary Anthropology. (Available online at https://wals.info/chapter/81)",order-of-subject-object-and-verb,81,6,Kuno-1973 Li-and-Thompson-1981 Dillon-and-O-Croinin-1961 Brown-2001 Derbyshire-1979 Weir-1994 Schachter-1976 Heath-1984 Cowell-1964 Nebel-1948 Andrade-1933 Schuh-1998 Greenberg-1963 Ingram-2001 Jones-1998a Dryer-1997 Dryer-1992 Dryer-1991,dryerms,
82,Order of Subject and Verb,,Matthew S. Dryer,"Matthew S. Dryer. 2013. Order of Subject and Verb. In: Dryer, Matthew S. & Haspelmath, Martin (eds.) 2013. The World Atlas of Language Structures Online. Leipzig: Max Planck Institute for Evolutionary Anthropology. (Available online at https://wals.info/chapter/82)",order-of-subject-and-verb,82,6,Kornfilt-1997 Williams-1980b Dixon-1988 van-den-Berg-1989b Stairs-and-Hollenbach-1981 Edmonson-1988 Watters-1988 Sischo-1977 Tryon-1968 Chapman-and-Derbyshire-1991 Andersen-1988 Merlan-1982 Rumsey-1982 Dryer-1989 Macalister-1914 Engel-and-Longacre-1963 Pet-1987 Harrison-and-Albert-1976 Chung-and-Chung-1996 Tomlin-1986 Givon-1983,dryerms,
83,Order of Object and Verb,,Matthew S. Dryer,"Matthew S. Dryer. 2013. Order of Object and Verb. In: Dryer, Matthew S. & Haspelmath, Martin (eds.) 2013. The World Atlas of Language Structures Online. Leipzig: Max Planck Institute for Evolutionary Anthropology. (Available online at https://wals.info/chapter/83)",order-of-object-and-verb,83,6,Underhill-1976 Holes-1990 Cowell-1964 Abbott-1991 Hoijer-1972 Keen-1983 Dixon-1988 Hercus-1982 Heath-1978 Childs-1995 Crazzolara-1933 Nebel-1948 Tucker-and-Bryan-1966 Kilpatrick-1981 Buddruss-1967 Whiteley-1958 Greenberg-1963 Hawkins-1983 Dryer-1992 Dryer-1988a,dryerms,
84,"Order of Object, Oblique, and Verb",,Matthew S. Dryer (Orin D. Gensler),"Matthew S. Dryer (Orin D. Gensler). 2013. Order of Object, Oblique, and Verb. In: Dryer, Matthew S. & Haspelmath, Martin (eds.) 2013. The World Atlas of Language Structures Online. Leipzig: Max Planck Institute for Evolutionary Anthropology. (Available online at https://wals.info/chapter/84)",order-of-object-oblique-and-verb,84,6,Li-and-Thompson-1981 Rice-1989 Campbell-and-Campbell-1987 Wivell-1981 O-Siadhail-1989 Bromley-1981 Dixon-1977a Frantz-1991 Curnow-1997 Wilson-1974 Tomlin-1986 Gensler-1994 Gensler-1997 Carlson-1994 Heath-1999a Dugast-1971 Innes-1966 Blackings-and-Fabb-2003,dryerms,genslerod
85,Order of Adposition and Noun Phrase,,Matthew S. Dryer,"Matthew S. Dryer. 2013. Order of Adposition and Noun Phrase. In: Dryer, Matthew S. & Haspelmath, Martin (eds.) 2013. The World Atlas of Language Structures Online. Leipzig: Max Planck Institute for Evolutionary Anthropology. (Available online at https://wals.info/chapter/85)",order-of-adposition-and-noun-phrase,85,6,Dixon-1988 Haspelmath-1993 Merlan-1983 Abdel-Hafiz-1988 Linguistics-langwa-1993 Dayley-1989b Heath-1999b Frachtenberg-1922b Rennison-1997 Dixon-1977a Merlan-1994 Derbyshire-1985 Craig-1977 Day-1973 Li-and-Thompson-1981 Dol-1999,dryerms,
86,Order of Genitive and Noun,,Matthew S. Dryer,"Matthew S. Dryer. 2013. Order of Genitive and Noun. In: Dryer, Matthew S. & Haspelmath, Martin (eds.) 2013. The World Atlas of Language Structures Online. Leipzig: Max Planck Institute for Evolutionary Anthropology. (Available online at https://wals.info/chapter/86)",order-of-genitive-and-noun,86,6,Sulkala-and-Karjalainen-1992 Reh-1985 Rosenbach-2002 Dol-1999 Rehg-1981 Li-and-Thompson-1981 MacDonald-1990 Dunn-1999 Hamel-1994 Macaulay-1996,dryerms,
87,Order of Adjective and Noun,,Matthew S. Dryer,"Matthew S. Dryer. 2013. Order of Adjective and Noun. In: Dryer, Matthew S. & Haspelmath, Martin (eds.) 2013. The World Atlas of Language Structures Online. Leipzig: Max Planck Institute for Evolutionary Anthropology. (Available online at https://wals.info/chapter/87)",order-of-adjective-and-noun,87,6,Prasad-1991 Abraham-1985 Benjamin-1976 Beller-and-Beller-1977 Schachter-and-Otanes-1972 Kahler-1963 Rupp-1989 Couro-and-Langdon-1975 Dryer-1988a Dryer-1992 Greenberg-1963 Hawkins-1983,dryerms,
88,Order of Demonstrative and Noun,,Matthew S. Dryer,"Matthew S. Dryer. 2013. Order of Demonstrative and Noun. In: Dryer, Matthew S. & Haspelmath, Martin (eds.) 2013. The World Atlas of Language Structures Online. Leipzig: Max Planck Institute for Evolutionary Anthropology. (Available online at https://wals.info/chapter/88)",order-of-demonstrative-and-noun,88,6,Scott-1978 Trenga-1947 Paris-1989 Hoskison-1983 Tayeng-1976 Hamilton-1900 Hay-Neave-1953 Last-and-Lucassen-1998 Reichle-1981 Holes-1990 Raz-1983 Wiering-1994 Merlan-1982 Ebermann-1986a Ikoro-1996 Kutsch-Lojenga-1994,dryerms,
89,Order of Numeral and Noun,,Matthew S. Dryer,"Matthew S. Dryer. 2013. Order of Numeral and Noun. In: Dryer, Matthew S. & Haspelmath, Martin (eds.) 2013. The World Atlas of Language Structures Online. Leipzig: Max Planck Institute for Evolutionary Anthropology. (Available online at https://wals.info/chapter/89)",order-of-numeral-and-noun,89,6,Najlis-1973 Ding-1998 Dickens-1992 Maring-1967 Brown-2005 Gary-and-Gamal-Eldin-1982 Harrell-1962 Erwin-1963 MacDonald-1990 Panfilov-1962 Nougayrol-1990 Lambdin-1983 Faraclas-1984 Williams-1980b Everett-and-Kern-1997 Gabas-1999 Sun-and-Lu-1986 Babby-1987 Kossmann-2000,dryerms,
90,Order of Relative Clause and Noun,,Matthew S. Dryer,"Matthew S. Dryer. 2013. Order of Relative Clause and Noun. In: Dryer, Matthew S. & Haspelmath, Martin (eds.) 2013. The World Atlas of Language Structures Online. Leipzig: Max Planck Institute for Evolutionary Anthropology. (Available online at https://wals.info/chapter/90)",order-of-relative-clause-and-noun,90,6,Dol-1999 Bruce-1984 Couro-and-Langdon-1975 Bird-and-Kante-1976 Austin-1981 de-Vries-1993 Breeze-1990 Mirikitani-1972 Walsh-1976 Bhatia-1993 Donaldson-1980 Davies-1981b Maslova-2003a Curnow-1997,dryerms,
91,Order of Degree Word and Adjective,,Matthew S. Dryer,"Matthew S. Dryer. 2013. Order of Degree Word and Adjective. In: Dryer, Matthew S. & Haspelmath, Martin (eds.) 2013. The World Atlas of Language Structures Online. Leipzig: Max Planck Institute for Evolutionary Anthropology. (Available online at https://wals.info/chapter/91)",order-of-degree-word-and-adjective,91,6,Ding-1998 Wivell-1981 Childs-1995 Everett-and-Kern-1997 Sneddon-1996 Huttar-and-Huttar-1994 Tuggy-1979 Robbins-1968 Gordon-1986,dryerms,
92,Position of Polar Question Particles,,Matthew S. Dryer,"Matthew S. Dryer. 2013. Position of Polar Question Particles. In: Dryer, Matthew S. & Haspelmath, Martin (eds.) 2013. The World Atlas of Language Structures Online. Leipzig: Max Planck Institute for Evolutionary Anthropology. (Available online at https://wals.info/chapter/92)",position-of-polar-question-particles,92,6,Traill-1994 Harris-1988 Reesink-1999 Unseth-1989 Boelaars-1950 Robins-1958 Norris-1986 Harriehausen-1990 Seiter-1980 Heath-1999a Kahombo-1992 Kutsch-Lojenga-1994 Berry-and-Berry-1999 Cole-1982 Cowell-1964 Davies-1981b Derbyshire-1979,dryerms,
93,Position of Interrogative Phrases in Content Questions,,Matthew S. Dryer,"Matthew S. Dryer. 2013. Position of Interrogative Phrases in Content Questions. In: Dryer, Matthew S. & Haspelmath, Martin (eds.) 2013. The World Atlas of Language Structures Online. Leipzig: Max Planck Institute for Evolutionary Anthropology. (Available online at https://wals.info/chapter/93)",position-of-interrogative-phrases-in-con,93,6,Noonan-1992 Keenan-1976 Saltarelli-et-al-1988 Owens-1985 Randal-1998 Hyman-1981b Woollams-1996 Moore-1984 Merlan-1982 Curnow-1997 Heath-1999a Heath-1999b Birk-1976 Donohue-1999a Rehg-1981,dryerms,
94,Order of Adverbial Subordinator and Clause,,Matthew S. Dryer,"Matthew S. Dryer. 2013. Order of Adverbial Subordinator and Clause. In: Dryer, Matthew S. & Haspelmath, Martin (eds.) 2013. The World Atlas of Language Structures Online. Leipzig: Max Planck Institute for Evolutionary Anthropology. (Available online at https://wals.info/chapter/94)",order-of-adverbial-subordinator-and-clau,94,6,Frachtenberg-1913 de-Vries-1993 Maslova-2003a Taylor-1985 Keen-1983 Watkins-1984 van-den-Berg-1995 Raz-1983 Henderson-1997 Harms-1994 Unseth-1989 Schuh-1998 Reh-1985 Sridhar-1990 Kortmann-1997 Diessel-2001,dryerms,
95,Relationship between the Order of Object and Verb and the Order of Adposition and Noun Phrase,,Matthew S. Dryer,"Matthew S. Dryer. 2013. Relationship between the Order of Object and Verb and the Order of Adposition and Noun Phrase. In: Dryer, Matthew S. & Haspelmath, Martin (eds.) 2013. The World Atlas of Language Structures Online. Leipzig: Max Planck Institute for Evolutionary Anthropology. (Available online at https://wals.info/chapter/95)",relationship-between-the-order-of-object,95,6,Gruzdeva-1998 Mahootian-1997 Raz-1983 Heath-1999b Pet-1987 Macaulay-1996 Greenberg-1963 Hawkins-1983 Hawkins-1994 Dryer-1992 Mous-1993,dryerms,
96,Relationship between the Order of Object and Verb and the Order of Relative Clause and Noun,,Matthew S. Dryer,"Matthew S. Dryer. 2013. Relationship between the Order of Object and Verb and the Order of Relative Clause and Noun. In: Dryer, Matthew S. & Haspelmath, Martin (eds.) 2013. The World Atlas of Language Structures Online. Leipzig: Max Planck Institute for Evolutionary Anthropology. (Available online at https://wals.info/chapter/96)",relationship-between-the-order-of-object-1,96,6,Maslova-2003a Petterson-1999 Owens-1985 Dedrick-and-Casad-1999 Li-and-Thompson-1981 Xu-and-Zhao-1984 Reesink-1999 Donohue-1999a Hawkins-1990 Hawkins-1993 Hawkins-1994 Hawkins-2002 Dryer-1992,dryerms,
97,Relationship between the Order of Object and Verb and the Order of Adjective and Noun,,Matthew S. Dryer,"Matthew S. Dryer. 2013. Relationship between the Order of Object and Verb and the Order of Adjective and Noun. In: Dryer, Matthew S. & Haspelmath, Martin (eds.) 2013. The World Atlas of Language Structures Online. Leipzig: Max Planck Institute for Evolutionary Anthropology. (Available online at https://wals.info/chapter/97)",relationship-between-the-order-of-object-2,97,6,Nikolaeva-and-Tolskaya-2001 Abdel-Hafiz-1988 Mulder-1994 Staley-1995 Dryer-1988a Dryer-1992 Greenberg-1963 Newell-1993 Hoskison-1983,dryerms,
98,Alignment of Case Marking of Full Noun Phrases,,Bernard Comrie,"Bernard Comrie. 2013. Alignment of Case Marking of Full Noun Phrases. In: Dryer, Matthew S. & Haspelmath, Martin (eds.) 2013. The World Atlas of Language Structures Online. Leipzig: Max Planck Institute for Evolutionary Anthropology. (Available online at https://wals.info/chapter/98)",alignment-of-case-marking-of-full-noun-p,98,7,Comrie-1978 Dixon-1994 Li-and-Thompson-1981 Mathiassen-1997 Owens-1985 van-den-Berg-1995 Donohue-1999a Brown-2001 McGregor-1977 Payne-1979 Harris-1981 Moyse-Faurie-1983 Hualde-and-Ortiz-de-Urbina-2003 Seiler-1985 Mithun-1991 Everett-and-Kern-1997 Rood-1976 Popjes-and-Popjes-1986 Bromley-1981 Pitman-1980 McGregor-1990 Woollams-1996 Du-Feu-1996 Chapman-and-Derbyshire-1991 Keegan-1997 Silverstein-1976,comrieb,
99,Alignment of Case Marking of Pronouns,,Bernard Comrie,"Bernard Comrie. 2013. Alignment of Case Marking of Pronouns. In: Dryer, Matthew S. & Haspelmath, Martin (eds.) 2013. The World Atlas of Language Structures Online. Leipzig: Max Planck Institute for Evolutionary Anthropology. (Available online at https://wals.info/chapter/99)",alignment-of-case-marking-of-pronouns,99,7,Comrie-1978 Dixon-1994 Li-and-Thompson-1981 Mathiassen-1997 Owens-1985 van-den-Berg-1995 Donohue-1999a Brown-2001 McGregor-1977 Payne-1979 Harris-1981 Moyse-Faurie-1983 Hualde-and-Ortiz-de-Urbina-2003 Seiler-1985 Mithun-1991 Everett-and-Kern-1997 Rood-1976 Popjes-and-Popjes-1986 Bromley-1981 Pitman-1980 McGregor-1990 Woollams-1996 Du-Feu-1996 Chapman-and-Derbyshire-1991 Keegan-1997 Silverstein-1976,comrieb,
100,Alignment of Verbal Person Marking,,Anna Siewierska,"Anna Siewierska. 2013. Alignment of Verbal Person Marking. In: Dryer, Matthew S. & Haspelmath, Martin (eds.) 2013. The World Atlas of Language Structures Online. Leipzig: Max Planck Institute for Evolutionary Anthropology. (Available online at https://wals.info/chapter/100)",alignment-of-verbal-person-marking,100,7,Ezard-1997 Friberg-1996 Mithun-1991 Kimball-1991 Keen-1983 Wolfart-and-Carroll-1981 Guirardello-1999a Cristofaro-2003 Nichols-1992,siewierskaa,
101,Expression of Pronominal Subjects,,Matthew S. Dryer,"Matthew S. Dryer. 2013. Expression of Pronominal Subjects. In: Dryer, Matthew S. & Haspelmath, Martin (eds.) 2013. The World Atlas of Language Structures Online. Leipzig: Max Planck Institute for Evolutionary Anthropology. (Available online at https://wals.info/chapter/101)",expression-of-pronominal-subjects,101,7,Press-1979 Hill-2002 Crowley-2002a Craig-1977 Vandame-1968 Sulkala-and-Karjalainen-1992 Nebel-1948 Trail-1970 Brown-2001 Macaulay-1996 Chomsky-1981 Van-Valin-and-LaPolla-1997,dryerms,
102,Verbal Person Marking,,Anna Siewierska,"Anna Siewierska. 2013. Verbal Person Marking. In: Dryer, Matthew S. & Haspelmath, Martin (eds.) 2013. The World Atlas of Language Structures Online. Leipzig: Max Planck Institute for Evolutionary Anthropology. (Available online at https://wals.info/chapter/102)",verbal-person-marking,102,7,Spagnolo-1933 Davies-1981b Jones-1986a Das-Gupta-1971 Ezard-1997 Osumi-1995 Willett-1991 Sohn-1975 Lynch-1982a MacKay-1999 Abbott-1991 Kibrik-1972 Nikolaeva-1999,siewierskaa,
103,Third Person Zero of Verbal Person Marking,,Anna Siewierska,"Anna Siewierska. 2013. Third Person Zero of Verbal Person Marking. In: Dryer, Matthew S. & Haspelmath, Martin (eds.) 2013. The World Atlas of Language Structures Online. Leipzig: Max Planck Institute for Evolutionary Anthropology. (Available online at https://wals.info/chapter/103)",third-person-zero-of-verbal-person-marki,103,7,Senft-1986 Tryon-1994 Laidig-1993 Roberts-1987 Noonan-1992 Caughley-1982 Carlin-1993 Jones-and-Jones-1991 Zipf-1935 Haiman-1985 Croft-1990 Koch-1995 Benveniste-1971 Ariel-2000 Siewierska-2004,siewierskaa,
104,Order of Person Markers on the Verb,,Anna Siewierska,"Anna Siewierska. 2013. Order of Person Markers on the Verb. In: Dryer, Matthew S. & Haspelmath, Martin (eds.) 2013. The World Atlas of Language Structures Online. Leipzig: Max Planck Institute for Evolutionary Anthropology. (Available online at https://wals.info/chapter/104)",order-of-person-markers-on-the-verb,104,7,Harrison-1986 Ashton-1947 Leslau-1995 Wash-2001 Strom-1992 van-Eijk-1997 MacDonald-1990 Kroeber-1986 Frank-1990 Foley-1991 Hardman-2000 Bybee-1985 Bybee-et-al-1990 Bittner-and-Hale-1996 Bybee-et-al-1991,siewierskaa,
105,Ditransitive Constructions: The Verb 'Give',,Martin Haspelmath,"Martin Haspelmath. 2013. Ditransitive Constructions: The Verb 'Give'. In: Dryer, Matthew S. & Haspelmath, Martin (eds.) 2013. The World Atlas of Language Structures Online. Leipzig: Max Planck Institute for Evolutionary Anthropology. (Available online at https://wals.info/chapter/105)",ditransitive-constructions-the-verb-give,105,7,Reh-1985 Dench-1991 Topping-1973 Frajzyngier-1989 Hewitt-1979 Bossong-1985 Bossong-1998 Comrie-1989 Olawsky-1999 Dryer-1983 Sedlak-1975 Primus-1998 Valenzuela-2002 Onishi-2000 Huang-and-Ahrens-1999 Reichle-1981,haspelmathm,
106,Reciprocal Constructions,,"Elena Maslova, Vladimir P. Nedjalkov","Elena Maslova, Vladimir P. Nedjalkov. 2013. Reciprocal Constructions. In: Dryer, Matthew S. & Haspelmath, Martin (eds.) 2013. The World Atlas of Language Structures Online. Leipzig: Max Planck Institute for Evolutionary Anthropology. (Available online at https://wals.info/chapter/106)",reciprocal-constructions,106,7,Matthews-and-Yip-1994 Cole-1982 Roberts-1987 Marchese-1986a Fortescue-2007 Donaldson-1980 Everett-and-Kern-1997 Geniusiene-2007 Dahl-1990 Haspelmath-2001 Geniusiene-1987 Kemmer-1993 Heine-1999b Lichtenberk-1985 Lichtenberk-2000a Kemmer-1996 Maslova-1999 Everaert-1999,maslovae nedjalkovvp,
107,Passive Constructions,,Anna Siewierska,"Anna Siewierska. 2013. Passive Constructions. In: Dryer, Matthew S. & Haspelmath, Martin (eds.) 2013. The World Atlas of Language Structures Online. Leipzig: Max Planck Institute for Evolutionary Anthropology. (Available online at https://wals.info/chapter/107)",passive-constructions,107,7,Ashton-1947 Sridhar-1990 Ambrazas-et-al-1997 Feldman-1986 Hoskison-1983 Crowley-1982 Olson-1992 Cooreman-1987 Givon-1994 Wolfart-1973 Valkama-2000 Siewierska-1984 Hopper-and-Thompson-1980,siewierskaa,
108,Antipassive Constructions,,Maria Polinsky,"Maria Polinsky. 2013. Antipassive Constructions. In: Dryer, Matthew S. & Haspelmath, Martin (eds.) 2013. The World Atlas of Language Structures Online. Leipzig: Max Planck Institute for Evolutionary Anthropology. (Available online at https://wals.info/chapter/108)",antipassive-constructions,108,7,Silverstein-1972 Kozinsky-et-al-1988 England-1983b England-1988 Silverstein-1976 Dixon-1979 Spencer-1991 Heath-1976 Postal-1977 Davies-1984 Givon-1984 Lidz-1996 Gibson-1980 Chung-1998 Watkins-1984 Gerdts-and-Hukari-2005 Tsunoda-1981 Hopper-and-Thompson-1980 Van-Valin-1991 Dowty-1991 Levin-1993 Tchekhoff-1987 Cooreman-1994 Dixon-1994 van-den-Berg-2001 Keen-1983 Kibrik-1981 Kalmar-1979 Seiler-1978 Bittner-1987 Kibrik-et-al-1977 Austin-1981 Smith-Stark-1978 Polinsky-and-Nedjalkov-1987 Gerdts-1988a Comrie-1978 Cooreman-1988 Polinsky-1994 Tsunoda-1988,polinskym,
109,Applicative Constructions,,Maria Polinsky,"Maria Polinsky. 2013. Applicative Constructions. In: Dryer, Matthew S. & Haspelmath, Martin (eds.) 2013. The World Atlas of Language Structures Online. Leipzig: Max Planck Institute for Evolutionary Anthropology. (Available online at https://wals.info/chapter/109)",applicative-constructions,109,7,Donohue-1999a Polinsky-1995 Austin-1997 Tsunoda-1998 Peterson-1999 Alsina-1996 Alsina-and-Mchombo-1993 Baker-1998 Gerdts-1988a Machobane-1989 Gary-and-Keenan-1977 Seiter-1980 Woolford-1993 Baker-1988 Baker-1985 Alsina-1999 Gerdts-1993 Kimenyi-1988 Polinsky-and-Kozinsky-1992,polinskym,
110,Periphrastic Causative Constructions,,Jae Jung Song,"Jae Jung Song. 2013. Periphrastic Causative Constructions. In: Dryer, Matthew S. & Haspelmath, Martin (eds.) 2013. The World Atlas of Language Structures Online. Leipzig: Max Planck Institute for Evolutionary Anthropology. (Available online at https://wals.info/chapter/110)",periphrastic-causative-constructions,110,7,Comrie-1989 Song-2001 Kimenyi-1980 Song-1996 Davies-1981b Roberts-1987 Vitale-1981 Saltarelli-et-al-1988 Joseph-and-Philippaki-Warburton-1987 Nedjalkov-and-Silnitsky-1973 Comrie-1976b Dixon-2000,songjj,
111,Nonperiphrastic Causative Constructions,,Jae Jung Song,"Jae Jung Song. 2013. Nonperiphrastic Causative Constructions. In: Dryer, Matthew S. & Haspelmath, Martin (eds.) 2013. The World Atlas of Language Structures Online. Leipzig: Max Planck Institute for Evolutionary Anthropology. (Available online at https://wals.info/chapter/111)",nonperiphrastic-causative-constructions,111,7,Comrie-1989 Song-2001 Lichtenberk-1983 Besnier-2000 Song-1996 Dixon-2000 Comrie-1976b Solnit-1997 Asher-1985 Davies-1981b Nedjalkov-and-Silnitsky-1973,songjj,
112,Negative Morphemes,,Matthew S. Dryer,"Matthew S. Dryer. 2013. Negative Morphemes. In: Dryer, Matthew S. & Haspelmath, Martin (eds.) 2013. The World Atlas of Language Structures Online. Leipzig: Max Planck Institute for Evolutionary Anthropology. (Available online at https://wals.info/chapter/112)",negative-morphemes,112,7,Maslova-2003a Meyer-Bahlburg-1972 Sulkala-and-Karjalainen-1992 Innes-1966 Bauer-1993 Dixon-1988 Grinevald-1988 Meier-et-al-1975 Tucker-and-Bryan-1966 Frajzyngier-1993 Petterson-1999 Elbert-1974 Newman-2000,dryerms,
113,Symmetric and Asymmetric Standard Negation,,Matti Miestamo,"Matti Miestamo. 2013. Symmetric and Asymmetric Standard Negation. In: Dryer, Matthew S. & Haspelmath, Martin (eds.) 2013. The World Atlas of Language Structures Online. Leipzig: Max Planck Institute for Evolutionary Anthropology. (Available online at https://wals.info/chapter/113)",symmetric-and-asymmetric-standard-negati,113,7,Bowden-2001 Cornyn-1944 Haspelmath-1993 Capell-and-Hinch-1970 Schmid-1980 DAns-1968 Givon-1978 Givon-2001 Miestamo-2003 Miestamo-2000,miestamom,
114,Subtypes of Asymmetric Standard Negation,,Matti Miestamo,"Matti Miestamo. 2013. Subtypes of Asymmetric Standard Negation. In: Dryer, Matthew S. & Haspelmath, Martin (eds.) 2013. The World Atlas of Language Structures Online. Leipzig: Max Planck Institute for Evolutionary Anthropology. (Available online at https://wals.info/chapter/114)",subtypes-of-asymmetric-standard-negation,114,7,Miestamo-2003 Derbyshire-1979 Hartzler-1994 Cole-1985 Bright-1957 Heath-1999a Jung-1989 Contini-Morava-1989 Koshal-1979 Schmid-1980 Saltarelli-et-al-1988 Harrison-et-al-1981 Kuipers-1967 Williamson-1965 Heath-1980b,miestamom,
115,Negative Indefinite Pronouns and Predicate Negation,,Martin Haspelmath,"Martin Haspelmath. 2013. Negative Indefinite Pronouns and Predicate Negation. In: Dryer, Matthew S. & Haspelmath, Martin (eds.) 2013. The World Atlas of Language Structures Online. Leipzig: Max Planck Institute for Evolutionary Anthropology. (Available online at https://wals.info/chapter/115)",negative-indefinite-pronouns-and-predica,115,7,Bril-1999 Hewitt-1995 Ikoro-1996 Bernini-and-Ramat-1996 Haspelmath-1997 Berry-and-Berry-1999 Dryer-1988b McGregor-1990 Dayley-1985 Macaulay-1996 Weiss-1999,haspelmathm,
116,Polar Questions,,Matthew S. Dryer,"Matthew S. Dryer. 2013. Polar Questions. In: Dryer, Matthew S. & Haspelmath, Martin (eds.) 2013. The World Atlas of Language Structures Online. Leipzig: Max Planck Institute for Evolutionary Anthropology. (Available online at https://wals.info/chapter/116)",polar-questions,116,7,Dol-1999 Watkins-1984 Nettle-1998 van-den-Berg-1995 Haas-1940 Breeze-1990 Everett-1986 Josephs-1975 Semiun-1993 Aikhenvald-1998 Epps-2008 Hayward-1990b Colarusso-1992 Adelaar-2004 Nebel-1948 Kiessling-1994 Taylor-1985 Maiden-and-Robustelli-2000 Cole-1982 Paroz-1946 Muntzel-1986 Macaulay-1996,dryerms,
117,Predicative Possession,,Leon Stassen,"Leon Stassen. 2013. Predicative Possession. In: Dryer, Matthew S. & Haspelmath, Martin (eds.) 2013. The World Atlas of Language Structures Online. Leipzig: Max Planck Institute for Evolutionary Anthropology. (Available online at https://wals.info/chapter/117)",predicative-possession,117,7,Clark-1978 Seiler-1983 Heine-1997 Stassen-2001 Fortescue-1984 Poppe-1954 Kalinina-1993 Sneddon-1975 Stassen-2000 Murane-1974 Samarin-1967b Ashton-et-al-1954 Steele-1977 Comrie-1989 Press-1986 Wetzer-1996 Stassen-1997 Osborne-1974 Cyffer-1974 Bendor-Samuel-1972 Jochelson-1905,stassenl,
118,Predicative Adjectives,,Leon Stassen,"Leon Stassen. 2013. Predicative Adjectives. In: Dryer, Matthew S. & Haspelmath, Martin (eds.) 2013. The World Atlas of Language Structures Online. Leipzig: Max Planck Institute for Evolutionary Anthropology. (Available online at https://wals.info/chapter/118)",predicative-adjectives,118,7,Crowell-1979 Tucker-and-Bryan-1966 Wetzer-1996 Stassen-1997 Osborne-1974 Greene-1966 Eades-1979 Schachter-and-Otanes-1972 Biggs-1969,stassenl,
119,Nominal and Locational Predication,,Leon Stassen,"Leon Stassen. 2013. Nominal and Locational Predication. In: Dryer, Matthew S. & Haspelmath, Martin (eds.) 2013. The World Atlas of Language Structures Online. Leipzig: Max Planck Institute for Evolutionary Anthropology. (Available online at https://wals.info/chapter/119)",nominal-and-locational-predication,119,7,Stassen-1997 Li-and-Thompson-1977 Li-and-Thompson-1981 Greene-1966 Harrison-1976 Ross-and-Paol-1978 Mirikitani-1972 Anonymous-1985 Conzemius-1929 Ashton-et-al-1954 Douglas-1959 Drake-1903 Asher-1982 Givon-1984,stassenl,
120,Zero Copula for Predicate Nominals,,Leon Stassen,"Leon Stassen. 2013. Zero Copula for Predicate Nominals. In: Dryer, Matthew S. & Haspelmath, Martin (eds.) 2013. The World Atlas of Language Structures Online. Leipzig: Max Planck Institute for Evolutionary Anthropology. (Available online at https://wals.info/chapter/120)",zero-copula-for-predicate-nominals,120,7,Benveniste-1966b Fromm-and-Sadeniemi-1956 Hanoteau-1906 Noss-1964 Gair-1970 Lukas-1953 Douglas-1959 Voorhoeve-1965a Ginter-and-Tarnoi-1991 Stassen-1997 Li-and-Thompson-1977 Lister-Turner-and-Clark-1930 Lewis-1967 Tucker-and-Bryan-1966 Feldman-1986 Welmers-1976 Koelle-1854,stassenl,
121,Comparative Constructions,,Leon Stassen,"Leon Stassen. 2013. Comparative Constructions. In: Dryer, Matthew S. & Haspelmath, Martin (eds.) 2013. The World Atlas of Language Structures Online. Leipzig: Max Planck Institute for Evolutionary Anthropology. (Available online at https://wals.info/chapter/121)",comparative-constructions,121,7,Ultan-1972 Andersen-1983 Stassen-1984 Stassen-1985 Kuhner-and-Stegmann-1955 Ittmann-1939 Warotamasikkhadit-1972 Hoffmann-1903 Sjoberg-1963 Oinas-1966 Frachtenberg-1922a Tucker-and-Mpaayei-1955 Hanoteau-1896 Lukas-1953 Roberts-1987 Bloomfield-1962 Lewis-1968 Heine-1994,stassenl,
122,Relativization on Subjects,,"Bernard Comrie, Tania Kuteva","Bernard Comrie, Tania Kuteva. 2013. Relativization on Subjects. In: Dryer, Matthew S. & Haspelmath, Martin (eds.) 2013. The World Atlas of Language Structures Online. Leipzig: Max Planck Institute for Evolutionary Anthropology. (Available online at https://wals.info/chapter/122)",relativization-on-subjects,122,8,Comrie-1998 Comrie-1989 Everett-1986 Gordon-1986 Schaub-1985 Amha-2001 Lehmann-1984 Haspelmath-2001 Keenan-and-Comrie-1977,comrieb kutevat,
123,Relativization on Obliques,,"Bernard Comrie, Tania Kuteva","Bernard Comrie, Tania Kuteva. 2013. Relativization on Obliques. In: Dryer, Matthew S. & Haspelmath, Martin (eds.) 2013. The World Atlas of Language Structures Online. Leipzig: Max Planck Institute for Evolutionary Anthropology. (Available online at https://wals.info/chapter/123)",relativization-on-obliques,123,8,Comrie-1998 Gordon-1986 McGregor-1990 Comrie-1989 Lehmann-1984 Haspelmath-2001 Keenan-and-Comrie-1977 Schaub-1985,comrieb kutevat,
124,'Want' Complement Subjects,,Martin Haspelmath,"Martin Haspelmath. 2013. 'Want' Complement Subjects. In: Dryer, Matthew S. & Haspelmath, Martin (eds.) 2013. The World Atlas of Language Structures Online. Leipzig: Max Planck Institute for Evolutionary Anthropology. (Available online at https://wals.info/chapter/124)",want-complement-subjects,124,8,Wendt-1972 Ziervogel-et-al-1981 Mitchell-1962 Faraclas-1984 Facundes-2000 Hofling-2000 Dench-1991 Jung-1989 Bauer-1993 Olawsky-1999 Hewitt-1979 van-Klinken-1999 Gordon-1986 Rice-1989 Douglas-1991,haspelmathm,
125,Purpose Clauses,,Sonia Cristofaro,"Sonia Cristofaro. 2013. Purpose Clauses. In: Dryer, Matthew S. & Haspelmath, Martin (eds.) 2013. The World Atlas of Language Structures Online. Leipzig: Max Planck Institute for Evolutionary Anthropology. (Available online at https://wals.info/chapter/125)",purpose-clauses,125,8,Stassen-1985 Croft-1990 Cristofaro-2003 Li-and-Thompson-1973 Cristofaro-1998 Noonan-1992 Fortescue-1984 Hewitt-1987 Sulkala-and-Karjalainen-1992 Hengeveld-1998 Joseph-1983 Koptjevskaja-Tamm-1994 Evans-1995 van-den-Berg-1989b Haiman-1983 Haiman-1985 Givon-1980 Givon-1990,cristofaros,
126,'When' Clauses,,Sonia Cristofaro,"Sonia Cristofaro. 2013. 'When' Clauses. In: Dryer, Matthew S. & Haspelmath, Martin (eds.) 2013. The World Atlas of Language Structures Online. Leipzig: Max Planck Institute for Evolutionary Anthropology. (Available online at https://wals.info/chapter/126)",when-clauses,126,8,Cristofaro-2003 Dayley-1985 Popjes-and-Popjes-1986 Stassen-1985 Gordon-1986 Bauer-1993 Hewitt-1987 Saltarelli-et-al-1988 Cristofaro-1998 Haiman-1983 Haiman-1985 Givon-1980 Givon-1990,cristofaros,
127,Reason Clauses,,Sonia Cristofaro,"Sonia Cristofaro. 2013. Reason Clauses. In: Dryer, Matthew S. & Haspelmath, Martin (eds.) 2013. The World Atlas of Language Structures Online. Leipzig: Max Planck Institute for Evolutionary Anthropology. (Available online at https://wals.info/chapter/127)",reason-clauses,127,8,Cristofaro-2003 Popjes-and-Popjes-1986 Stassen-1985 Bhatia-1993 Maslova-2003a Fortescue-1984 Guirardello-1999a Cristofaro-1998 Haiman-1983 Haiman-1985 Langacker-1987a Langacker-1987b Langacker-1991 Givon-1980 Givon-1990,cristofaros,
128,Utterance Complement Clauses,,Sonia Cristofaro,"Sonia Cristofaro. 2013. Utterance Complement Clauses. In: Dryer, Matthew S. & Haspelmath, Martin (eds.) 2013. The World Atlas of Language Structures Online. Leipzig: Max Planck Institute for Evolutionary Anthropology. (Available online at https://wals.info/chapter/128)",utterance-complement-clauses,128,8,Noonan-1985 Cristofaro-2003 Davies-1981b Everett-1986 Munro-1982 Stassen-1985 Gordon-1986 Fortescue-1984 Cristofaro-1998 Givon-1980 Givon-1990 Dik-1989 Dik-1997a Dik-1997b Hengeveld-1989 Hengeveld-1990 Siewierska-1991 Langacker-1987a Langacker-1987b Langacker-1991,cristofaros,
129,Hand and Arm,,Cecil H. Brown,"Cecil H. Brown. 2013. Hand and Arm. In: Dryer, Matthew S. & Haspelmath, Martin (eds.) 2013. The World Atlas of Language Structures Online. Leipzig: Max Planck Institute for Evolutionary Anthropology. (Available online at https://wals.info/chapter/129)",hand-and-arm,129,9,Witkowski-and-Brown-1985,brownch,
130,Finger and Hand,,Cecil H. Brown,"Cecil H. Brown. 2013. Finger and Hand. In: Dryer, Matthew S. & Haspelmath, Martin (eds.) 2013. The World Atlas of Language Structures Online. Leipzig: Max Planck Institute for Evolutionary Anthropology. (Available online at https://wals.info/chapter/130)",finger-and-hand,130,9,Brown-and-Witkowski-1981 Kunz-1917,brownch,
131,Numeral Bases,,Bernard Comrie,"Bernard Comrie. 2013. Numeral Bases. In: Dryer, Matthew S. & Haspelmath, Martin (eds.) 2013. The World Atlas of Language Structures Online. Leipzig: Max Planck Institute for Evolutionary Anthropology. (Available online at https://wals.info/chapter/131)",numeral-bases,131,9,Comrie-1997 Greenberg-1978 Hurford-1975 Sapir-1965 Drabbe-1952 Green-and-Igwe-1963 Carlson-1994 Kornfilt-1997,comrieb,
132,Number of Non-Derived Basic Colour Categories,,"Paul Kay, Luisa Maffi","Paul Kay, Luisa Maffi. 2013. Number of Non-Derived Basic Colour Categories. In: Dryer, Matthew S. & Haspelmath, Martin (eds.) 2013. The World Atlas of Language Structures Online. Leipzig: Max Planck Institute for Evolutionary Anthropology. (Available online at https://wals.info/chapter/132)",number-of-non-derived-basic-colour-categ,132,9,Kay-et-al-1991 Kay-and-Berlin-1997 Kay-et-al-1997 Hardin-and-Maffi-1997 Kay-and-Maffi-1999 Berlin-and-Kay-1969 Kay-and-McDaniel-1978 Hering-1964 Jameson-and-Hurvich-1968 Hurvich-1982 Zadeh-1996 Xu-1994,kayp maffil,
133,Number of Basic Colour Categories,,"Paul Kay, Luisa Maffi","Paul Kay, Luisa Maffi. 2013. Number of Basic Colour Categories. In: Dryer, Matthew S. & Haspelmath, Martin (eds.) 2013. The World Atlas of Language Structures Online. Leipzig: Max Planck Institute for Evolutionary Anthropology. (Available online at https://wals.info/chapter/133)",number-of-basic-colour-categories,133,9,Kay-et-al-1991 Kay-and-Berlin-1997 Kay-et-al-1997 Hardin-and-Maffi-1997 Kay-and-Maffi-1999 Berlin-and-Kay-1969 Kay-and-McDaniel-1978 Hering-1964 Jameson-and-Hurvich-1968 Hurvich-1982 Zadeh-1996 Xu-1994,kayp maffil,
134,Green and Blue,,"Paul Kay, Luisa Maffi","Paul Kay, Luisa Maffi. 2013. Green and Blue. In: Dryer, Matthew S. & Haspelmath, Martin (eds.) 2013. The World Atlas of Language Structures Online. Leipzig: Max Planck Institute for Evolutionary Anthropology. (Available online at https://wals.info/chapter/134)",green-and-blue,134,9,Kay-et-al-1991 Kay-and-Berlin-1997 Kay-et-al-1997 Hardin-and-Maffi-1997 Kay-and-Maffi-1999 Berlin-and-Kay-1969 Kay-and-McDaniel-1978 Hering-1964 Jameson-and-Hurvich-1968 Hurvich-1982 Zadeh-1996 Xu-1994,kayp maffil,
135,Red and Yellow,,"Paul Kay, Luisa Maffi","Paul Kay, Luisa Maffi. 2013. Red and Yellow. In: Dryer, Matthew S. & Haspelmath, Martin (eds.) 2013. The World Atlas of Language Structures Online. Leipzig: Max Planck Institute for Evolutionary Anthropology. (Available online at https://wals.info/chapter/135)",red-and-yellow,135,9,Kay-et-al-1991 Kay-and-Berlin-1997 Kay-et-al-1997 Hardin-and-Maffi-1997 Kay-and-Maffi-1999 Berlin-and-Kay-1969 Kay-and-McDaniel-1978 Hering-1964 Jameson-and-Hurvich-1968 Hurvich-1982 Zadeh-1996 Xu-1994,kayp maffil,
136,M-T Pronouns,,"Johanna Nichols, David A. Peterson","Johanna Nichols, David A. Peterson. 2013. M-T Pronouns. In: Dryer, Matthew S. & Haspelmath, Martin (eds.) 2013. The World Atlas of Language Structures Online. Leipzig: Max Planck Institute for Evolutionary Anthropology. (Available online at https://wals.info/chapter/136)",m-t-pronouns,136,9,Grinevald-1988 Lewis-1967 Campbell-1985 Bright-1957 Tarpent-1987 Smeets-1989 Vinas-Urquiza-1974 Voorhoeve-1965b Innes-1966 Ringe-1998 Oswalt-1991 Nichols-2001 Nichols-and-Peterson-1996,nicholsj petersonda,
137,N-M Pronouns,,"Johanna Nichols, David A. Peterson","Johanna Nichols, David A. Peterson. 2013. N-M Pronouns. In: Dryer, Matthew S. & Haspelmath, Martin (eds.) 2013. The World Atlas of Language Structures Online. Leipzig: Max Planck Institute for Evolutionary Anthropology. (Available online at https://wals.info/chapter/137)",n-m-pronouns,137,9,Grinevald-1988 Lewis-1967 Campbell-1985 Bright-1957 Tarpent-1987 Smeets-1989 Vinas-Urquiza-1974 Voorhoeve-1965b Innes-1966 Ringe-1998 Oswalt-1991 Nichols-2001 Nichols-and-Peterson-1996,nicholsj petersonda,
138,Tea,,Östen Dahl,"Östen Dahl. 2013. Tea. In: Dryer, Matthew S. & Haspelmath, Martin (eds.) 2013. The World Atlas of Language Structures Online. Leipzig: Max Planck Institute for Evolutionary Anthropology. (Available online at https://wals.info/chapter/138)",tea,138,9,,dahlo,
139,Irregular Negatives in Sign Languages,,Ulrike Zeshan,"Ulrike Zeshan. 2013. Irregular Negatives in Sign Languages. In: Dryer, Matthew S. & Haspelmath, Martin (eds.) 2013. The World Atlas of Language Structures Online. Leipzig: Max Planck Institute for Evolutionary Anthropology. (Available online at https://wals.info/chapter/139)",irregular-negatives-in-sign-languages,139,10,Zeshan-2004b,zeshanu,
140,Question Particles in Sign Languages,,Ulrike Zeshan,"Ulrike Zeshan. 2013. Question Particles in Sign Languages. In: Dryer, Matthew S. & Haspelmath, Martin (eds.) 2013. The World Atlas of Language Structures Online. Leipzig: Max Planck Institute for Evolutionary Anthropology. (Available online at https://wals.info/chapter/140)",question-particles-in-sign-languages,140,10,Celo-1996 Zeshan-2004a,zeshanu,
141,Writing Systems,,Bernard Comrie,"Bernard Comrie. 2013. Writing Systems. In: Dryer, Matthew S. & Haspelmath, Martin (eds.) 2013. The World Atlas of Language Structures Online. Leipzig: Max Planck Institute for Evolutionary Anthropology. (Available online at https://wals.info/chapter/141)",writing-systems,141,11,Daniels-and-Bright-1996,comrieb,
142,Para-Linguistic Usages of Clicks,,David Gil,"David Gil. 2013. Para-Linguistic Usages of Clicks. In: Dryer, Matthew S. & Haspelmath, Martin (eds.) 2013. The World Atlas of Language Structures Online. Leipzig: Max Planck Institute for Evolutionary Anthropology. (Available online at https://wals.info/chapter/142)",para-linguistic-usages-of-clicks,142,11,Darwin-1872,gild,
143,Order of Negative Morpheme and Verb,,Matthew S. Dryer,"Matthew S. Dryer. 2013. Order of Negative Morpheme and Verb. In: Dryer, Matthew S. & Haspelmath, Martin (eds.) 2013. The World Atlas of Language Structures Online. Leipzig: Max Planck Institute for Evolutionary Anthropology. (Available online at https://wals.info/chapter/143)",order-of-negative-morpheme-and-verb,143,6,Blackings-and-Fabb-2003 Kraft-and-Kraft-1973 Allan-et-al-1995 Williams-1980a Kawachi-2007 Brown-1994 Vidal-2001 Stanhope-1980 Thomas-1978 Becker-Donner-1965 Heeschen-1998 Anderson-1979 Terrill-2003 Tucker-and-Mpaayei-1955 Grinevald-1988 Ngonyani-2003 Koshal-1979 Genetti-2007 Kopris-2001 Meier-et-al-1975 Frajzyngier-and-Shay-2002 Frajzyngier-1993 Einaudi-1976 Kooyers-1974 Aikhenvald-2003 Baroja-1989 San-Roque-2008 Reintges-2004 Sibomana-1986 Romero-Mendez-2009 Harris-1969b Spencer-2008 Miestamo-2005 Derbyshire-1979 Singh-2002 Bruce-1984 Emenanjo-1978 Poulos-1990 Chumbow-and-Tamanji-1994 Schafer-1995 Wiering-and-Wiering-1994 Berry-and-Berry-1999 Aikhenvald-1996 Henderson-1997 van-Driem-1987 Carteron-1972 Kari-1997 Turner-1987 Tucker-and-Bryan-1966 Curnow-1997 Horton-1949 Childs-1995 Schuh-1998 Bryant-1999 Kraft-1963 Carlson-1994 de-Vries-2004 Holzknecht-1986 Coupe-2007 Wolff-1983 Wolff-2009 Panfilov-1962 Du-Feu-1996 Michelson-and-Doxtator-2002 Heath-2005 Redden-1979 Richert-1975 Ottaviano-and-Ottaviano-1967 Sampson-1926 Macalister-1914 Andvik-1999 Collier-and-Gregerson-1985 Hyman-1981b Lumwamu-1973,dryerms,
144,"Position of Negative Morpheme With Respect to Subject, Object, and Verb",,Matthew S. Dryer,"Matthew S. Dryer. 2013. Position of Negative Morpheme With Respect to Subject, Object, and Verb. In: Dryer, Matthew S. & Haspelmath, Martin (eds.) 2013. The World Atlas of Language Structures Online. Leipzig: Max Planck Institute for Evolutionary Anthropology. (Available online at https://wals.info/chapter/144)",position-of-negative-morpheme-with-respe,144,6,Faust-1971 Randal-1998 Santandrea-1970 Smye-2004 Stevenson-1969 Williams-1980a Heath-1999a Ross-and-Paol-1978 Kratochvil-2007 Andrade-1933 Watkins-1993 Jarvis-1989 Lynch-2000 Besnier-2000 Najlis-1973 Kohler-1981 Omondi-1982 Ngonyani-2003 Dryer-2009 Allin-1976 Nordlinger-1998 Tucker-and-Bryan-1966 Smith-and-Johnson-2000 Rice-1989 Heine-1999a Burquest-1973 Hoskison-1983 Harlow-1996 Bauer-1993 Ayuninjam-1998 Turton-and-Bender-1976 Amboulou-1998 Jenner-1904 Will-1989 Good-2003 Weir-1994 Chumbow-and-Tamanji-1994 Bryant-1999 Gomes-2007 Santandrea-1965b Blackings-and-Fabb-2003 Sass-2006 Nebel-1948 Crazzolara-1933 Crowley-1982 Morgan-1996 Anderson-1979 Allan-et-al-1995 Scorza-1985 Visser-and-Voorhoeve-1987 Odden-1996 Terrill-1998 Njie-1982 Chapman-and-Derbyshire-1991 Kung-2007 Simeone-Senelle-1997 Moyse-Faurie-1983 Osumi-1995 Dayley-1985 Casamiquela-1983 Klein-2001 Guirardello-1999a Kutsch-Lojenga-1994 Last-and-Lucassen-1998 Trager-1946 van-der-Voort-2004 Dum-Tragut-2009 Berry-and-Berry-1999 Henderson-1997 Aikhenvald-1998 Lynch-1978 Keen-1983 Peeke-1962 Bowern-and-Lotridge-2002 Carteron-1972 Kari-1997 Schafer-1995 Hyslop-2001 Horton-1949 Hyman-1981b Wiering-and-Wiering-1994 Harris-1969b Lumwamu-1973 Hyman-and-Magaji-1970 Childs-1995 Schuh-1998 Kraft-and-Kraft-1973 Tischhauser-1992 Bernini-and-Ramat-1996 Nettle-1998 Frajzyngier-1993 Early-1994a Clark-2002 Mamet-1960 Holzknecht-1986 Redden-1979 Sibomana-1986 Poulos-and-Bosch-1997 Brown-1994 Reintges-2004 Gary-and-Gamal-Eldin-1982 Sampson-1926 Donohue-and-San-Roque-2004 Gabas-1999 Marlett-1981 Renck-1975 Thompson-et-al-2006 Davies-1981b Heeschen-1998 Clifton-1997 Estrada-Fernandez-1996 Charney-1993 Hill-2005 Terrill-2003 Chirikba-2003 Koshal-1979 Genetti-2007 Grinevald-1988 Tryon-1974 Watkins-1984 Allen-1975b Nedjalkov-1997 Soe-1999 Rose-2003b Owens-1985 Curnow-1997 Ray-1933 Wexler-1967 Collier-and-Gregerson-1985 Tryon-1970b Carlson-1994 Ebermann-1986a Dayley-1989a Einaudi-1976 Toba-1984 Coupe-2007 Aikhenvald-2003 Panfilov-1962 Trenga-1947 San-Roque-2008 Spencer-2008 Andvik-1999 Miller-2001 Roberts-1987 Kooyers-1974 Richert-1975 de-Vries-2004 Jany-2009 Kroeber-1904 Merrifield-1968 Key-1967 Beeler-1976 Rodrigues-1999b Adam-1897 Jamieson-1988 Novelli-1985 Harrison-et-al-1981 Kopris-2001 Dryer-1991 Dryer-1992 Chaker-1983 Garcia-Matzar-and-Rodriguez-Guajan-1997 Reh-1985 Dunn-1979 Frajzyngier-and-Shay-2002 Harrell-1962 Wolff-1983 Wolff-2009 Weber-1988 Baroja-1989 Heath-2005 Leeding-1989 Macalister-1914 Buenrostros-1991 Olawsky-2006 Donohue-2002 Harrison-1970 Abbott-1991 Rood-1976 Koehn-and-Koehn-1986 Andersen-1988,dryerms,
s2,List of abbreviations,,,". 2013. List of abbreviations. In: Dryer, Matthew S. & Haspelmath, Martin (eds.) 2013. The World Atlas of Language Structures Online. Leipzig: Max Planck Institute for Evolutionary Anthropology. (Available online at https://wals.info/chapter/992)",,992,,,,
s4,Genealogical Language List,,Matthew S. Dryer,"Matthew S. Dryer. 2013. Genealogical Language List. In: Dryer, Matthew S. & Haspelmath, Martin (eds.) 2013. The World Atlas of Language Structures Online. Leipzig: Max Planck Institute for Evolutionary Anthropology. (Available online at https://wals.info/chapter/994)",,994,,Grimes-2000 Ruhlen-1987 Dryer-1989 Wurm-1975 Wurm-1982,dryerms,
s5,Sampling Case and Tense Formatives,,"Balthasar Bickel, Johanna Nichols","Balthasar Bickel, Johanna Nichols. 2013. Sampling Case and Tense Formatives. In: Dryer, Matthew S. & Haspelmath, Martin (eds.) 2013. The World Atlas of Language Structures Online. Leipzig: Max Planck Institute for Evolutionary Anthropology. (Available online at https://wals.info/chapter/995)",,995,,Plank-1999 Andronov-1980 Bickel-and-Nichols-2002 Kroeger-1993 Wolfart-1973 Lewis-1967 Li-and-Thompson-1981,bickelb nicholsj,
s6,Determining Dominant Word Order,,Matthew S. Dryer,"Matthew S. Dryer. 2013. Determining Dominant Word Order. In: Dryer, Matthew S. & Haspelmath, Martin (eds.) 2013. The World Atlas of Language Structures Online. Leipzig: Max Planck Institute for Evolutionary Anthropology. (Available online at https://wals.info/chapter/996)",,996,,Abbott-1991 Heath-1999a van-Enk-and-de-Vries-1997 Voorhoeve-1965b Rubino-1998b,dryerms,
s7,Tense and Aspect,,"Östen Dahl, Viveka Velupillai","Östen Dahl, Viveka Velupillai. 2013. Tense and Aspect. In: Dryer, Matthew S. & Haspelmath, Martin (eds.) 2013. The World Atlas of Language Structures Online. Leipzig: Max Planck Institute for Evolutionary Anthropology. (Available online at https://wals.info/chapter/997)",,997,,Comrie-1985 Verkuyl-1971 Tenny-1994 Agrell-1908 Bybee-et-al-1994 Dahl-1985 Dahl-1995 Dahl-2000,dahlo velupillaiv,
s8,Relativization Strategies,,"Bernard Comrie, Tania Kuteva","Bernard Comrie, Tania Kuteva. 2013. Relativization Strategies. In: Dryer, Matthew S. & Haspelmath, Martin (eds.) 2013. The World Atlas of Language Structures Online. Leipzig: Max Planck Institute for Evolutionary Anthropology. (Available online at https://wals.info/chapter/998)",,998,,Lehmann-1984 Kibrik-1992 Austin-1981,comrieb kutevat,
s9,Sign Languages,,Ulrike Zeshan,"Ulrike Zeshan. 2013. Sign Languages. In: Dryer, Matthew S. & Haspelmath, Martin (eds.) 2013. The World Atlas of Language Structures Online. Leipzig: Max Planck Institute for Evolutionary Anthropology. (Available online at https://wals.info/chapter/999)",,999,,Klima-and-Bellugi-1979 Boyes-Braem-1990 Sutton-Spence-and-Woll-1999 Zeshan-2004a Zeshan-2004b Taylor-1996 Webb-and-Supalla-1994 Kakumasu-1966 Branson-et-al-1996 Frishberg-1987,zeshanu,
